 income_annum, loan_term, cibil_score, loan_status
5036248.187,12,778,0
4100000,8,417,1
9100000,20,506,1
8200000,8,467,1
5044605.572,20,382,1
4800000,10,438.1678087,1
8700000,4,678,0
5700000,20,382,1
800000,20,782,0
1100000,10,388,1
2900000,2,547,0
6700000,18,538,1
5000000,16,463.2163596,1
9100000,14,679,0
1900000,6,469,1
4700000,10,794,0
5026113.754,4,663,0
2900000,14,780,0
2700000,10,736,0
6300000,12,652,0
5000000,12,434.4495119,1
5800000,16,530,1
6500000,18,442.5112691,1
4968514.011,2,551,0
4900000,16,470.0773814,1
3100000,20,514,1
8200000,12,696,0
2400000,4,662,0
7000000,6,336,1
9000000,10,850,0
5034340.301,12,421.3896689,1
5700000,6,363,1
800000,10,436,1
8400000,2,830,0
4900000,8,612,0
1700000,8,691,0
1600000,18,636,0
8000000,6,348,1
3600000,16,830,0
1500000,6,352,1
7800000,2,712,0
9100000,16,822,0
1400000,6,540,1
800000,12,342,1
6500000,18,787,0
8000000,16,331,1
4200000,6,679,0
4900000,14,677,0
5500000,12,634,0
4973674.785,16,662,0
7300000,16,502,1
8700000,10,435,1
3800000,4,689,0
8400000,12,657,0
5100000,20,590,0
6700000,12,818,0
4300000,18,431,1
9300000,18,841,0
7400000,20,421,1
5500000,16,797,0
8500000,18,478,1
4988913.715,18,669,0
8800000,6,365,1
3300000,20,586,0
3900000,18,784,0
4100000,12,364,1
8300000,10,715,0
2700000,20,693,1
5600000,4,777,0
1900000,12,448.3822349,1
5036796.977,20,340,1
5300000,4,386,0
7000000,4,418,1
5800000,16,735,0
2600000,6,494,1
1900000,18,671,0
5700000,16,697,0
9000000,8,801,0
8500000,12,576,0
700000,14,639,0
3500000,4,470,1
8800000,4,826,0
5021936.307,16,363,1
3600000,20,613,0
3000000,16,713,0
6800000,16,439,1
1100000,18,387,1
8700000,8,402,1
2000000,6,837,0
4994265.635,10,641,0
5700000,18,489,1
8800000,18,540,1
3800000,4,844,0
1700000,10,452,1
1000000,10,366,1
5061565.273,2,670.6689244,0
6600000,18,470,1
8700000,20,861,0
9400000,12,562,0
4400000,14,463,1
5049957.491,12,478,1
4984131.201,2,702,0
4300000,20,618,0
1600000,12,633,0
6200000,10,331,1
4200000,16,841,0
9000000,12,764,0
2700000,6,591,0
5018683.419,2,719,0
3300000,14,459.7208463,1
4979026.705,8,778,0
7400000,14,456.434677,1
7100000,8,502,1
7300000,18,711.125256,0
8400000,14,437,1
3300000,12,797,0
5800000,18,456,1
600000,6,647,0
7200000,12,379,1
9100000,2,717,0
900000,16,545,1
800000,8,434.5450641,1
8500000,10,570,0
9000000,18,865,0
7000000,14,719,0
5043300.262,16,821,0
4998235.351,10,859,0
5100000,10,395,1
700000,12,429,1
5044056.782,12,861,0
4966244.45,14,565,0
8800000,10,357,1
1800000,18,465,1
6800000,8,479,1
1500000,16,717,0
1600000,12,425,1
4600000,2,786,0
2200000,6,382,1
2900000,12,564,0
5061840.444,8,501,1
2500000,10,727,0
3600000,6,692.0665106,0
5500000,18,829,0
6600000,20,506,1
8600000,6,802,0
600000,14,543,1
1400000,20,772,0
4000000,12,572,0
4900000,16,709,0
2000000,18,402,1
5200000,8,481,1
8900000,6,772,0
6500000,2,662.490213,0
1300000,6,415,1
9400000,16,548,1
5000000,8,701,0
3000000,12,701.9297972,0
5047253.393,6,364,1
700000,20,704,0
4000000,10,440.5200249,1
3100000,2,761,0
4500000,6,693,0
5041392.376,16,524,1
2000000,10,681,0
8100000,18,737,0
5700000,16,638,0
5800000,2,656,0
1800000,6,540,1
9100000,6,341,1
4800000,2,371,0
3800000,12,698.5773656,0
1900000,18,801,0
3600000,16,748,0
7400000,8,376,1
6600000,8,371,1
1800000,6,826,0
9200000,12,698.5681717,0
2400000,8,430.7494465,1
5600000,20,869,0
3800000,12,534,1
4500000,6,787,0
900000,16,566,0
2800000,8,742,0
7500000,4,824,0
1400000,14,575,0
3800000,10,766,0
1700000,10,691.6179161,0
9000000,6,638,0
7300000,6,622,0
7400000,18,458,1
9000000,16,452.8948584,1
3000000,2,612,0
800000,8,682,0
4800000,2,583,0
6400000,8,697,0
9200000,12,444.9102896,1
4999748.391,2,669,0
2800000,18,816,0
8500000,20,455,1
4700000,10,430.8539321,1
5036796.977,20,355,1
3800000,16,389,1
5038139.488,2,669.8831509,0
6900000,6,352,1
4997857.091,12,657.9098728,0
2900000,18,827,0
5036248.187,12,768,0
7100000,18,707,0
7700000,10,355,1
1400000,2,652,0
7800000,2,665,0
1700000,18,420,1
8500000,18,471,1
1900000,20,715,0
6700000,10,689,0
6900000,4,787,0
2600000,4,819,0
5041352.684,6,809,0
6800000,2,744,0
3200000,6,484,1
2900000,6,673,0
7900000,18,695,0
3900000,12,473,1
4600000,2,491,1
700000,8,733,0
5200000,20,434,1
5900000,10,777,0
7200000,4,774,0
8700000,10,717,0
1100000,12,503,1
4000000,14,598,0
5038139.488,2,543,0
2700000,20,796,0
8800000,8,386,1
3300000,16,632,0
6900000,4,481,0
900000,4,770,1
4100000,6,667,0
4700000,8,585,0
3400000,16,479,1
5035113.407,18,851,0
7000000,6,378,1
5700000,18,807,0
8200000,18,831,0
2100000,12,674,0
8000000,18,725,0
8000000,4,600,0
9400000,10,536,1
8400000,10,477,1
1900000,6,560,0
4200000,20,539,1
2600000,8,852,0
3700000,20,853,0
8800000,12,729,0
2100000,2,546,1
900000,10,489,1
5033544.089,6,869,0
8000000,2,502,1
5021387.518,8,652,0
4967379.231,8,789,0
2700000,4,678.6728419,0
7400000,2,716,0
9200000,18,523,1
5056253.045,20,352,1
3800000,2,345,0
8300000,18,649,0
2800000,18,666,0
8600000,10,813,0
5400000,10,599,0
4200000,6,678,0
5200000,20,513,1
9400000,4,674.7472944,0
8800000,8,483,1
5900000,16,454.709563,1
1700000,16,591,0
7000000,10,687.3999799,0
1700000,6,829,0
1500000,12,651,0
2000000,18,733,0
3900000,12,433,1
900000,14,713,0
6900000,18,403,1
2800000,10,405,1
6800000,10,516,1
600000,8,417,1
4700000,6,468,1
3000000,10,672,0
4000000,6,530,1
3100000,14,824,0
7700000,12,549,1
4300000,10,450,1
5800000,20,431,1
3600000,16,454.0586023,1
2900000,8,435.6389259,1
8800000,4,433,1
5015262.492,10,431,1
8600000,8,516,1
3500000,14,476,1
800000,6,560,0
8000000,12,674,0
4967757.491,6,573,0
3300000,6,331,1
2000000,12,633,0
4900000,18,720.6291869,0
9200000,12,656,0
7500000,6,782,0
9000000,4,531,0
1400000,8,455,1
5084131.449,14,452,1
8400000,14,474,1
6400000,4,483,0
5900000,8,481,1
2200000,20,859,0
5600000,14,696,0
5010639.345,6,778,0
4400000,4,499,0
2400000,4,680.4254781,0
4400000,12,674,0
3700000,4,802,0
2300000,8,540,1
5900000,8,726,0
6400000,2,485,0
4900000,6,612,0
4990805.016,8,661.4092509,0
5700000,12,708,0
2700000,8,850,0
3900000,12,516,1
7800000,12,465,1
1100000,20,716,0
5050335.751,10,404,1
4700000,20,512,1
8200000,10,441,1
4600000,2,555,0
1800000,18,466,1
3200000,2,427,1
5500000,14,593,0
7900000,10,731,0
4000000,16,451,1
6800000,18,628,0
2700000,18,704,0
6800000,12,341,1
8600000,8,465,1
8000000,4,431,0
3700000,10,424,1
2600000,14,678,0
4200000,6,381,1
8000000,10,449,1
7100000,12,768,0
2000000,6,666,1
5800000,14,742,0
6700000,4,445,1
7300000,14,634,0
3300000,14,782,0
3000000,10,781,0
7900000,14,467.987182,1
7600000,18,721,0
3700000,4,563,0
8400000,4,419,0
8200000,14,372,1
2900000,18,714.3941366,0
4974431.306,12,596,0
4400000,2,349,0
9000000,16,468,1
6800000,16,818,0
8700000,12,543,1
9400000,16,685,0
6000000,18,851,0
9400000,10,377,1
1000000,10,620,0
900000,20,611,0
2100000,4,767,0
1100000,20,592,0
600000,4,672.2655974,0
9200000,10,693.5843677,0
3600000,18,814,0
1300000,10,755,0
7700000,20,584,0
5080292.57,14,380,1
5000000,20,465,1
4980161.485,2,531,0
8300000,16,814,0
5300000,6,678,0
9300000,12,655,0
2300000,2,682,0
4987213.56,6,695,0
3200000,4,833,0
9400000,16,455.00624,1
2300000,2,357,1
4300000,12,444.0938011,1
6200000,18,699.9080296,0
7200000,12,658,0
2400000,18,708.7577918,0
2900000,8,648,0
1400000,12,730,0
2200000,14,737,0
800000,10,584,1
600000,2,621,0
700000,16,583,0
8400000,16,621,0
7100000,16,610,0
5400000,18,452,1
3700000,18,339,1
5200000,16,650,0
4998235.351,10,672,0
5082996.668,20,501,1
1800000,4,809,0
9200000,8,424.7806916,1
900000,10,649,0
7500000,12,367,1
3000000,6,847,0
7100000,12,360,1
3500000,2,865,0
4900000,16,700.4692283,0
4100000,20,608,0
800000,6,760,0
1700000,12,385,1
6100000,12,478,1
2100000,16,450.5729161,1
3100000,6,663,0
1700000,20,693,0
1700000,6,710,0
4000000,6,711,0
5600000,8,386,1
3900000,10,855,0
6100000,14,573,0
1100000,18,431,1
5500000,8,364,1
1100000,14,711,0
4996344.05,20,771,0
9200000,18,669,0
9300000,18,338,1
1100000,8,562,0
5600000,2,769,0
6300000,8,629,0
8800000,6,699,0
8400000,20,590,0
1600000,4,707,0
4500000,8,391,1
6500000,4,679.5156191,0
5034300.609,2,731,0
4700000,12,775,0
5049917.799,2,667.0427109,0
8000000,20,794,0
7700000,6,555,0
3600000,12,536,1
700000,10,839,0
1400000,6,676.3943439,0
8600000,20,415,1
4700000,4,868,0
2900000,12,353,1
9000000,16,590,0
5046891.718,18,618,0
700000,10,539,1
6800000,4,429,0
1800000,8,792,0
6000000,2,608,0
5400000,14,555,0
8400000,12,620,0
7400000,6,635,0
3200000,10,457,1
5400000,8,350,1
1000000,14,703.4211095,0
4400000,16,638,0
3800000,12,710,0
6100000,18,470,1
5500000,16,704.9803865,0
5044983.832,18,411,1
4968514.011,2,482,0
6200000,2,396,1
5017210.07,20,436,1
6900000,20,460.5608165,1
3700000,12,728,0
8800000,10,775,0
8200000,12,402,1
9200000,18,698,0
2400000,14,665,0
4100000,18,490,1
8000000,12,504,1
3600000,8,790,0
700000,20,669,0
8300000,6,381,1
5300000,2,667.89639,0
8300000,16,506,1
2500000,12,538,1
5400000,8,677,0
1600000,8,685,0
2400000,12,860,0
6300000,6,608,0
2500000,10,540,1
7500000,16,492,1
2900000,14,834,0
1000000,16,834,0
8600000,8,673.4953319,0
5026531.706,12,443,1
2300000,18,468.7568226,1
2400000,12,739,0
5049161.279,6,867,0
8100000,6,427.6544794,1
6700000,18,492,1
8400000,18,698,0
5037004.708,8,851,0
4700000,14,375,1
4300000,14,601,0
2200000,20,756,0
8600000,4,868,0
2000000,10,838,0
4200000,14,375,1
5100000,18,778,0
4100000,6,442,1
5016792.118,12,808,0
3200000,20,372,1
5500000,4,597,0
7800000,20,435,1
3400000,20,728,0
7900000,14,373,1
8900000,10,367,1
7300000,14,552,0
3300000,8,465,1
2900000,8,607,0
5066566.681,4,427,1
7200000,4,711,0
8300000,14,823,0
8700000,6,523,1
7100000,10,420.6073227,1
5032409.308,12,721,0
6900000,20,599,0
2400000,14,580,0
2100000,10,744,0
7200000,4,559,0
4600000,16,587,0
5046891.718,18,817,0
4996344.05,20,655,0
6900000,6,382,1
1700000,6,765,0
4400000,20,516,1
4300000,8,383,1
3700000,6,633,0
5900000,2,547,1
8600000,10,843,0
3400000,8,783,0
1000000,14,790,0
4400000,16,409,1
3600000,14,376,1
1400000,8,625,0
5300000,18,707,0
9400000,6,645,0
6600000,6,672.7368901,0
5098992.118,18,463.3779915,1
1900000,20,647,0
5800000,6,665.6273178,0
3100000,10,420,1
6800000,2,791,0
4600000,12,694.0564117,0
4981483.38,16,641,0
5031636.203,6,407.5577145,1
6200000,20,819,0
5037175.237,18,387,1
4200000,2,686,0
5700000,4,415,1
5066188.421,6,425.9867051,1
8000000,4,722,0
5200000,20,761,0
7100000,8,389,1
9300000,12,600,0
2000000,2,407,0
3900000,18,829,0
2800000,6,689.9921105,0
3000000,12,441,1
4500000,16,720.3069852,0
1900000,4,826,0
2300000,8,453,1
4700000,2,701,0
1300000,8,627,0
3100000,2,543,0
8400000,18,411,1
1700000,4,583,0
1900000,2,668.5439042,0
2400000,8,684,0
6800000,10,578,0
2900000,20,445,1
8900000,10,369,1
8800000,18,794,0
8200000,16,492,1
3600000,16,557,0
5081805.611,6,519,1
1900000,18,699,0
9100000,2,741,0
1100000,18,508,1
1100000,10,647,0
9300000,14,656,0
3900000,2,439,1
1500000,12,350,1
800000,6,493,1
600000,6,851,0
4400000,18,492,1
2700000,6,861,0
6200000,2,664,0
700000,16,362,1
3400000,6,703,0
4900000,12,758,0
4200000,2,396,1
5300000,2,828,0
3700000,20,709,0
5600000,10,528,1
4300000,14,623,0
7100000,14,599,0
5400000,4,622,0
6000000,6,385,1
4100000,2,579,0
8300000,20,846,0
8100000,10,449,1
7200000,14,666,0
7200000,4,380,1
3500000,4,589,0
6200000,12,845,0
5200000,10,401,1
4500000,2,766,0
5400000,12,522,1
2000000,6,834,0
8900000,8,588,0
5000000,4,570,0
4900000,6,860,0
5300000,4,655,0
8500000,4,457,0
700000,14,863,0
5900000,4,742,0
3500000,4,798,0
7700000,16,552,0
4500000,12,418,1
9100000,6,419,1
9000000,2,668,0
8900000,8,608,0
6500000,10,342,1
8100000,8,817,0
8400000,16,476,1
5300000,6,671.6608827,0
4100000,12,838,0
6900000,4,406,0
5200000,12,778,0
2000000,14,799,0
4600000,20,716,0
7100000,16,756,0
9300000,10,743,0
5400000,20,731,0
4100000,2,833,0
4900000,8,470,1
5400000,20,734,0
3000000,12,620,0
6800000,8,812,0
5100000,12,459,1
5009361.783,10,704,0
1600000,6,391,1
8000000,4,421,0
2900000,14,796,0
9200000,10,607,0
5041770.636,14,376,1
3700000,8,424,1
7100000,6,442,1
5600000,14,448,1
1200000,2,638,0
1600000,6,710,0
1600000,20,641,0
5300000,10,348,1
9100000,20,519,1
9400000,10,517,1
5900000,6,375,1
1100000,10,426,1
3100000,14,785,0
2200000,20,373,1
6000000,6,476,1
2000000,18,460.6916688,1
7200000,18,657,0
4974431.306,12,868,0
5800000,6,345,1
5019857.892,6,472,1
4600000,20,613,0
4600000,14,769,0
6500000,20,741,0
4400000,14,693.2185698,0
900000,10,683,0
3200000,18,780,0
600000,8,538,1
5200000,10,721,0
6400000,14,467,1
1000000,6,551,0
6800000,14,803,0
3000000,10,361,1
8700000,6,708,0
8800000,18,766,0
3900000,2,464,1
1700000,2,517,1
900000,6,747,0
7200000,6,596,0
9200000,2,783,0
5700000,2,335,0
1100000,4,677.4897363,0
1100000,4,678.0562768,0
6000000,4,394,0
8100000,20,420,1
6500000,20,848,0
7600000,16,788,0
2200000,8,509,1
6300000,6,664.5380751,0
6700000,12,466,1
1300000,2,595,0
2800000,12,452.2310265,1
7000000,2,691,0
8800000,10,379,1
8900000,18,531,1
7000000,4,631,0
6900000,10,330,1
9200000,16,383,1
6100000,16,678,0
4400000,8,679.1471052,0
5009504.564,12,567,0
3900000,4,708,0
6800000,2,433,0
3600000,14,459.0660944,1
700000,14,736,0
4000000,6,436.0540735,1
1800000,12,670,0
5600000,12,609,0
6800000,18,349,1
600000,2,417.4039302,1
4200000,14,391,1
5000000,10,755,0
4100000,6,354,1
2200000,2,663.8904327,0
3400000,16,462.7522928,1
7100000,14,746,0
5800000,16,450.8916844,1
3400000,14,857,0
7700000,20,504,1
5020252.737,14,556,0
5300000,14,393,1
4700000,14,702.1246219,0
4300000,14,719,0
900000,16,458,1
2000000,14,857,0
2000000,16,429,1
4100000,12,538,1
6900000,10,828,0
2300000,6,339,1
5800000,18,376,1
8000000,14,549,1
3700000,18,587,0
2600000,18,861,0
3000000,12,409,1
2700000,4,528,0
5700000,8,691,0
1500000,4,584,0
6800000,4,459,1
8100000,10,755,0
9200000,20,688,0
7600000,6,384,1
600000,20,869,0
4700000,20,445,1
1400000,6,393,1
9400000,10,414,1
5075944.594,16,395,1
8900000,14,815,0
4600000,8,758,0
5600000,10,457,1
1000000,10,854,0
3500000,16,458.0872562,1
7900000,14,849,0
6100000,12,672,0
8900000,6,859,0
5300000,8,584,0
1300000,4,346,0
4000000,18,635,0
8700000,4,365,1
4985322.259,16,856,0
9000000,2,440,1
7300000,2,616,0
7400000,2,461,0
3100000,10,681,0
4300000,2,485,1
2400000,6,684,0
5400000,14,727,0
1600000,6,784,0
4991561.536,4,865,0
5800000,18,791,0
2200000,16,866,0
5000000,2,761,0
600000,18,572,0
2200000,6,601,0
2600000,14,820,0
1200000,8,598,0
3100000,18,544,1
4600000,14,561,0
9300000,6,547,1
6300000,2,504,1
5900000,14,530,1
2900000,6,614,0
6100000,18,351,1
5900000,10,431,1
4600000,10,403,1
7000000,8,668,0
5100000,18,399,1
3100000,14,665,0
4100000,16,344,1
1800000,16,555,0
8200000,20,458.5660905,1
800000,6,726,0
8400000,6,689,0
8500000,4,665,0
3300000,16,608,0
5800000,20,335,1
4400000,18,677,0
2600000,2,491,0
4980726.86,20,763,0
5200000,8,809,0
5045362.092,16,544,1
5016413.858,14,624,0
6500000,10,388,1
7200000,14,644,0
5200000,14,600,0
6500000,2,709,0
2300000,8,642,0
3300000,4,423,0
2000000,12,696.7736777,0
8300000,4,415,1
3800000,4,645,0
5700000,16,742,0
7300000,8,724,0
1600000,12,707,0
800000,4,780,0
6300000,10,538,1
8800000,14,706,0
7300000,16,811,0
3800000,14,849,0
6200000,10,696.5294665,0
3500000,4,664,0
1400000,2,465,0
3500000,2,786,0
600000,10,437.7353599,1
4100000,16,399,1
5400000,6,841,0
2000000,14,638,0
3500000,4,478,1
8300000,4,600,0
6700000,16,768,0
1900000,10,523,1
6500000,14,443.0602779,1
600000,8,799,0
7000000,18,803,0
7700000,18,524,1
2600000,6,506,1
9200000,2,351,1
1800000,8,648,0
4900000,4,612,0
5700000,14,396,1
5044040.197,2,458,1
1700000,6,488,1
7000000,6,475,1
2200000,18,417,1
6800000,8,781,0
2400000,12,337,1
600000,12,511,1
6200000,6,837,0
7600000,12,810,0
4800000,8,588,0
4200000,12,707.3072249,0
7200000,10,733,0
6400000,16,348,1
8900000,12,741,0
5100000,12,449.2733356,1
6300000,18,428,1
6600000,4,455,0
4800000,2,356,0
5022144.038,4,594,0
7500000,18,844,0
9000000,4,771,0
5400000,4,622,0
1700000,20,480,1
4300000,20,337,1
5200000,6,698,0
4400000,18,454.8850687,1
3900000,14,349,1
1100000,10,482,1
2500000,10,429,1
5093074.824,8,471,1
9000000,10,687.3232729,0
5100000,18,757,0
5200000,2,777,0
4400000,4,761,0
1900000,12,821,0
9200000,6,662,0
4800000,10,350,1
4900000,20,479.8084602,1
4800000,4,368,1
9300000,14,455,1
7500000,8,744,0
5900000,4,806,0
9400000,6,456,1
5300000,8,719,0
3700000,18,668,0
2500000,18,494,1
2800000,2,841,0
5400000,8,721,0
3100000,10,414,1
4800000,10,812,0
8800000,20,832,0
4100000,12,571,0
5057387.826,14,459,1
6400000,6,592,0
3400000,20,527,1
3500000,12,333,1
3200000,18,532,1
4900000,18,754,0
1300000,4,835,1
2500000,10,592,0
7500000,20,553,0
700000,8,806,0
8200000,2,378,0
6900000,4,534,0
1500000,16,400,1
6300000,18,543,1
8800000,10,715,0
8900000,6,684,0
2100000,8,346,1
9200000,6,669,0
3600000,12,566,0
8600000,2,361,1
3000000,6,333,1
5200000,8,335,1
7200000,10,558,0
4000000,12,436,1
2400000,2,371,1
5500000,10,515,1
9000000,10,599,0
7900000,20,728,0
6200000,20,679,0
7900000,4,399,0
1200000,6,819,0
4700000,6,434.8779313,1
5900000,2,730,0
1400000,14,448.8898059,1
4700000,16,740,0
7600000,10,522,1
7200000,4,702,0
1400000,16,447,1
1400000,4,829,0
7900000,18,727,0
7600000,14,509,1
5034300.609,2,745,0
2300000,18,513,1
8100000,6,372,1
5066566.681,4,411,1
4700000,20,495,1
1100000,4,827,0
8600000,6,820,0
8700000,10,660,0
2200000,4,563,0
4974809.566,10,689.164361,0
9100000,12,387,1
2200000,12,613,0
2200000,14,335,1
5018683.419,2,795,0
6500000,8,369,1
2400000,18,711.7999028,0
5500000,6,742,0
5000000,4,676.5552535,0
2700000,16,691,0
8500000,12,762,0
4400000,18,468.5018371,1
5007991.524,20,777,0
8300000,2,662,0
6000000,12,462,1
4000000,14,609,0
4400000,20,590,0
4400000,18,779,0
1900000,14,641,0
5000000,12,752,0
8000000,10,438.7793242,1
8200000,10,546,1
7000000,8,833,0
2400000,18,421,1
6600000,4,639,0
3200000,20,735,0
2600000,2,377,1
6900000,20,481.3441278,1
4800000,2,695,0
4975944.346,4,355,0
4300000,12,525,1
700000,20,330,1
9400000,14,625,0
800000,10,644,0
4400000,4,865,0
4700000,6,661,0
2300000,8,694.2692417,0
8500000,10,803,0
7600000,12,800,0
3200000,18,796,0
2400000,4,716,0
5048301.669,18,479,1
8500000,2,810,0
8900000,18,568,0
2800000,8,842,0
2900000,4,806,0
4900000,8,722,0
5057387.826,14,442,1
3300000,6,360,1
2800000,4,461,1
7800000,10,735,0
2500000,12,761,0
4400000,20,653,0
7900000,4,726,0
8900000,18,617,0
5600000,2,460,1
1400000,8,439.8451032,1
5089992.466,4,471,1
5100000,4,628,0
5084887.969,10,404,1
8600000,16,804,0
1600000,20,804,0
2500000,2,502,1
5021765.778,6,861,0
3000000,14,555,0
5100000,18,351,1
7600000,6,358,1
8800000,14,836,0
1100000,4,554,0
8700000,2,443,0
6100000,4,725,0
1900000,14,818,0
4987213.56,6,670,0
5800000,6,414,1
4982996.421,8,683.9297357,0
7900000,12,409,1
1300000,14,679,0
700000,18,478,1
600000,2,752,0
9400000,4,616,0
3800000,14,842,0
7800000,20,840,0
7800000,6,430,1
2700000,4,351,1
600000,4,347,1
8000000,10,576,0
4000000,8,799,0
3300000,2,550,0
5800000,4,685.4271361,0
2400000,12,701.5040217,0
7600000,6,603,0
2500000,12,446.1161226,1
3300000,4,393,0
5045948.083,2,612,0
1000000,8,553,0
2500000,14,389,1
1900000,4,782,0
3100000,12,493,1
6000000,2,629,0
6500000,10,419,1
5900000,2,444,1
6500000,16,463.6809425,1
3800000,20,479,1
3000000,10,424,1
4300000,18,469,1
3500000,2,674.5466604,0
5044040.197,2,477,1
600000,16,509,1
800000,4,752,0
5600000,14,694.4631553,0
1800000,4,343,1
6800000,20,819,0
4200000,2,433,0
4975566.086,6,768,0
8500000,6,714,0
2800000,16,531,1
3600000,6,529,1
6200000,20,448,1
2700000,2,584,0
6800000,4,501,0
6300000,18,848,0
8800000,6,586,0
5900000,2,386,1
5044983.832,18,460.9349267,1
3300000,6,653,0
5080292.57,14,448,1
4800000,16,696,0
7500000,16,707,0
8600000,4,429,1
8900000,6,631,0
5007178.726,4,446,0
7700000,18,705,0
7000000,2,709,0
7800000,14,739,0
5100000,6,336,1
9400000,4,675.4722086,0
600000,6,558,0
5100000,4,589,0
3800000,2,407.1643822,1
5300000,14,516,1
1100000,12,448.971345,1
6400000,10,546,1
5100000,14,559,0
5300000,2,350,0
6700000,8,583,0
4000000,8,695.1790647,0
3900000,8,808,0
1600000,16,487,1
2700000,14,705.3303523,0
1400000,8,840,0
8000000,18,682,0
8200000,10,668,0
4800000,8,781,0
8100000,6,375,1
5900000,14,857,0
8100000,6,823,0
1400000,8,686,0
1600000,2,721,0
4600000,18,545,1
2900000,6,523,1
8600000,20,607,0
3800000,20,428,1
8200000,4,666,0
3200000,20,704,0
8100000,10,794,0
5057245.045,12,430,1
4976757.144,20,615,0
6600000,20,360,1
9100000,14,458,1
5500000,12,689.1364632,0
7200000,8,735,0
2400000,16,379,1
5090805.263,20,544,1
5800000,12,721,0
2300000,8,676,0
4987591.82,4,342,0
4977513.664,16,566,0
3500000,2,355,0
4800000,20,605,0
1600000,16,525,1
800000,12,403,1
9000000,18,727,0
8300000,12,529,1
2800000,18,415,1
6400000,10,692.2409231,0
6000000,16,649,0
2900000,16,395,1
6500000,20,488,1
5017548.639,8,569,0
8400000,14,817,0
6100000,20,706,0
8000000,8,553,0
900000,14,464,1
7300000,6,729,0
3700000,12,363,1
5200000,12,565,0
7200000,14,421,1
9400000,10,512,1
3400000,2,730,0
600000,8,627,0
3300000,16,434,1
5900000,2,410,1
1300000,16,624,0
5700000,4,656,0
7700000,16,758,0
7000000,18,336,1
8100000,18,378,1
1900000,4,620,0
4500000,18,593,0
4966622.711,12,710,0
5400000,8,753,0
7800000,16,454,1
8200000,8,619,0
8900000,6,367,1
1400000,20,384,1
1700000,16,610,0
5300000,12,802,0
6500000,10,858,0
5900000,8,599,0
5082562.131,2,395,1
7700000,6,380,1
7900000,10,803,0
3500000,20,809,0
2400000,2,722,0
5100505.159,10,392,1
3900000,8,545,1
7300000,10,799,0
6400000,12,727,0
7100000,18,530,1
8800000,14,637,0
7400000,4,561,0
4400000,20,421,1
8600000,14,459,1
6900000,14,828,0
5050352.337,20,679,0
8100000,8,455,1
2600000,18,712.5305066,0
9300000,14,636,0
2100000,16,426,1
9000000,14,508,1
7000000,4,768,0
2200000,20,667,0
7500000,2,440,0
8300000,2,366,1
5036231.602,2,383,1
4968135.751,4,603,0
3900000,4,728,0
6600000,6,549,1
4100000,8,855,0
1800000,12,461,1
7000000,16,379,1
5100000,6,559,0
4975187.826,8,816,0
4300000,2,560,0
3200000,14,645,0
4200000,6,551,0
5007832.158,8,515,1
1300000,10,657,0
2400000,2,682,0
600000,10,588,0
5088857.685,10,359,1
5022144.038,4,766,0
5900000,14,469,1
700000,10,618,0
8600000,20,711,0
9000000,4,549,0
5100000,6,754,0
5039444.798,6,461,1
1600000,10,837,0
5049058.19,14,459,1
7800000,20,614,0
6500000,16,373,1
7500000,12,512,1
8900000,18,781,0
1800000,14,448.3962423,1
7600000,6,447,1
1200000,6,757,0
2700000,2,723,0
4600000,12,463,1
6900000,10,699,0
8400000,2,664.9990304,0
5019496.217,18,702,0
4983752.941,4,456,0
1900000,8,651,0
4200000,20,840,0
2200000,18,848,0
7100000,4,727,0
3500000,10,335,1
5056631.306,18,464.5611402,1
8800000,2,712,0
1800000,10,737,0
7600000,14,690,0
1000000,4,673.0510389,0
8200000,10,839,0
3600000,8,333,1
9400000,18,862,0
2600000,4,675.6808771,0
5017691.42,10,823,0
3500000,14,649,0
5006043.946,10,726,0
800000,18,712,0
4976757.144,20,701,0
6200000,12,655,0
4400000,18,385,1
1800000,4,777,0
1700000,14,696,0
3900000,16,496,1
2200000,6,659,0
6300000,2,542,1
2200000,18,729,0
8100000,6,744,0
6800000,2,749,0
4700000,20,755,0
2200000,2,506,1
3500000,6,391,1
3500000,10,687.6941792,0
5057766.086,12,527,1
5056253.045,20,470,1
8400000,12,694,0
5000000,14,441.266264,1
5500000,10,697.9573673,0
3000000,14,459,1
9400000,10,452.9588606,1
7600000,8,739,0
5500000,10,724,0
3100000,18,487,1
7700000,4,439,0
5038139.488,2,655,0
3200000,14,443,1
700000,20,489,1
3100000,14,427,1
4500000,20,417,1
8900000,18,842,0
5900000,2,657.4537341,0
1500000,18,428,1
6300000,16,415,1
6500000,20,405,1
8000000,18,683,0
3300000,14,742,0
3900000,10,530,1
1600000,10,844,0
3900000,18,715,0
8000000,12,476,1
2200000,6,721,0
7600000,12,339,1
2700000,6,461,1
6300000,12,556,0
7700000,8,483,1
4500000,18,406,1
9400000,14,513,1
4600000,16,574,0
5200000,6,692,0
8000000,18,867,0
4976322.606,2,667.1781615,0
8500000,10,597,0
4900000,20,513,1
7000000,2,354,0
4992752.594,18,647,0
5029574.373,6,659.1179426,0
6200000,20,819,0
4100000,10,521,1
6100000,20,761,0
700000,18,572,0
6400000,12,571,0
3800000,20,726.2016331,0
4900000,12,698.7734174,0
2100000,20,580,0
6200000,8,605,0
1600000,8,705,0
1300000,20,423,1
7300000,2,846,0
2100000,4,542,1
600000,18,631,0
7000000,18,452.784769,1
3000000,10,541,1
900000,20,782,0
5038139.488,2,669.8831509,0
1500000,14,747,0
5000000,6,641,0
5033922.349,4,640,0
7600000,12,432.8931535,1
5500000,20,359,1
6600000,12,338,1
1400000,14,384,1
8800000,16,545,1
6200000,18,610,0
8300000,18,840,0
2400000,6,630,0
9100000,4,508,0
4968135.751,4,535,0
1200000,20,717,0
7700000,8,735,0
7800000,20,528,1
9400000,4,350,1
1700000,12,422,1
4000000,6,496,1
4200000,18,794,0
2400000,6,719,0
2700000,14,630,0
600000,4,843,0
4600000,2,764,0
7200000,4,662,0
4700000,16,454.3168816,1
4300000,2,606,0
4700000,16,719.3891892,0
8700000,4,370,0
7000000,10,414,1
600000,10,800,0
6800000,12,779,0
6400000,20,553,0
7600000,18,445,1
9000000,8,496,1
2400000,10,650,0
6800000,6,783,0
3500000,10,535,1
8900000,20,415,1
6000000,8,709,0
700000,14,819,0
6800000,18,841,0
5300000,12,700,0
1400000,4,673.3539709,0
1400000,4,804,0
9200000,6,653,0
7900000,2,663,0
4500000,10,495,1
3800000,8,335,1
1500000,6,618,0
1200000,12,480,1
1700000,18,843,0
5200000,16,483,1
1600000,12,548,1
6600000,16,379,1
9400000,20,771,0
5082562.131,2,353,1
4600000,16,668,0
6100000,2,387,0
1500000,12,789,0
5010874.824,2,855,0
8700000,14,751,0
7000000,12,739,0
4700000,14,492,1
7600000,16,703.1930459,0
9200000,4,545,1
9400000,20,720.8859517,0
4800000,6,848,0
600000,12,696.4056684,0
4900000,14,439,1
3300000,12,586,0
9100000,20,483.5221814,1
6100000,16,443.6499889,1
8400000,2,741,0
7900000,8,698,0
6100000,10,733,0
2000000,16,571,0
5071349.194,20,490,1
5033583.781,16,451,1
1900000,6,559,0
6900000,10,577,0
1500000,4,613,0
1900000,20,785,0
2300000,8,690,0
7800000,14,351,1
5050335.751,10,447,1
9400000,20,708,0
9100000,12,549,1
9000000,8,797,0
7100000,14,537,1
800000,12,828,0
4500000,14,471,1
8500000,4,336,1
2500000,16,424,1
1500000,18,440,1
6200000,8,583,0
1300000,6,480,1
6600000,10,670,0
5300000,6,430.1160364,1
1400000,6,754,0
2900000,18,588,0
6500000,4,551,0
8300000,4,437.0605245,1
8900000,12,382,1
5300000,6,717,0
2800000,6,676,0
8000000,6,667,0
3900000,20,821,0
6200000,20,345,1
5900000,10,442,1
6000000,12,672,0
9100000,2,508,0
3400000,10,615,0
1800000,8,689,0
5067757.738,18,747,1
9000000,10,412,1
6400000,2,703,0
5800000,16,698.4863521,0
2600000,18,651,0
6600000,14,793,0
6100000,4,407,0
4100000,8,390,1
5030501.422,12,469,1
4700000,6,373,1
1500000,2,665.1862638,0
2700000,8,833,0
6900000,2,668.5129551,0
7600000,6,397,1
4100000,6,687.0541689,0
4100000,2,457,1
1600000,16,657,0
4984131.201,2,480,0
4400000,20,840,0
3800000,12,866,0
4300000,8,619,0
9000000,2,748,0
4990048.496,12,669.2049573,0
6900000,8,829,0
4300000,6,435.581238,1
6600000,10,467,1
5200000,18,650,0
5033544.089,6,711,0
1300000,18,717.6300327,0
5059279.127,4,494,1
5400000,14,741,0
1200000,12,702.3281179,0
7000000,14,610,0
7600000,6,778,0
700000,14,571,0
7500000,18,554,0
2300000,8,712,0
5600000,4,695,0
5400000,20,366,1
1800000,10,426,1
2900000,10,446.6649365,1
1400000,8,543,1
2800000,16,525,1
3300000,12,812,0
7000000,14,697,0
3900000,12,527,1
5700000,4,512,0
4100000,4,671,0
2200000,20,539,1
2200000,10,532,1
2500000,16,485,1
900000,6,521,1
2900000,10,697.7640127,0
4994265.635,10,788,0
5200000,12,659,0
8600000,16,498,1
4800000,20,467.0693432,1
2000000,6,785,0
3600000,10,445.5174168,1
5300000,2,433,0
4973296.525,18,801,0
6500000,6,488,1
2300000,16,756,0
1000000,4,757,0
3200000,6,828,0
3400000,12,733,0
5019479.631,8,421,1
5300000,4,666.0609081,0
4700000,10,393,1
5044056.782,12,700,0
8800000,18,613,0
5900000,6,455,1
2400000,16,707.0182273,0
7900000,16,497,1
1400000,2,649,0
3500000,14,709,0
3400000,12,705,0
6100000,2,476,0
3000000,4,819,0
3400000,16,535,1
5008605.263,14,698.7123876,0
5900000,12,468,1
5049917.799,2,759,0
9000000,2,426,0
8800000,8,712,0
2000000,2,615,0
4700000,12,784,0
2700000,16,677,0
2600000,12,447.7996641,1
9000000,16,655,0
5100000,8,755,0
6600000,18,598,0
4400000,18,712,0
1500000,6,524,1
6200000,16,838,0
900000,6,560,0
7700000,12,759,0
600000,6,454,1
4300000,4,539,0
8200000,16,827,0
3500000,12,686,0
5056866.785,14,371,1
700000,4,784,0
2100000,16,826,0
3200000,12,502,1
2900000,8,367,1
7000000,6,541,1
3700000,16,608,0
4500000,12,570,0
5042922.002,18,752,0
5600000,8,675.4814349,0
5400000,2,538,0
5009882.825,10,819,0
7500000,18,770,0
2500000,6,345,1
3100000,12,730,0
7600000,20,835,0
4991939.796,2,811,0
2700000,14,662,0
3500000,4,420,0
3700000,4,413,0
5600000,10,367,1
4800000,14,390,1
5200000,2,602,0
2900000,16,843,0
2700000,20,713,0
5000000,8,591,0
2700000,14,701,0
2800000,12,655,0
7300000,18,720,0
5900000,10,794,0
8100000,2,392,1
1900000,6,583,0
1800000,18,457,1
7600000,14,570,0
9100000,14,693.8549698,0
5300000,14,472,1
3700000,12,788,0
4979404.965,6,605,0
8300000,10,473,1
6400000,16,728,0
5300000,16,505,1
5600000,6,407,1
900000,18,464,1
2400000,20,514,1
5028817.852,10,627,0
7400000,20,627,0
1500000,10,858,0
8800000,8,607,0
4900000,4,663,0
8100000,6,522,1
2300000,20,610,0
3000000,16,462,1
3900000,8,591,0
1700000,20,636,0
2100000,10,359,1
5082183.871,4,542,1
3500000,4,642,0
1500000,4,414,0
8800000,20,865,0
900000,10,369,1
3500000,14,838,0
5500000,4,582,0
5046496.872,10,416,1
2100000,20,705,0
1800000,18,462.5256492,1
5800000,8,851,0
6700000,18,613,0
4300000,10,366,1
1200000,12,431,1
5007556.986,2,754,0
5400000,10,447,1
5300000,14,510,1
7300000,20,460.5001322,1
5102018.2,2,523,1
7200000,2,362,1
9000000,6,657,0
6500000,12,790,0
5056110.264,18,500,1
4983752.941,4,465,0
2900000,6,409,1
700000,20,626,0
4200000,16,545,1
4200000,10,654,0
7600000,6,515,1
7100000,12,838,0
4700000,14,406,1
5009361.783,10,573,0
5010874.824,2,611,0
5100000,16,649,0
3300000,12,775,0
4500000,12,469,1
3900000,18,587,0
3200000,10,436.641299,1
3200000,10,556,0
4993887.374,12,578,0
8700000,2,554,0
1900000,6,677.6533683,0
2900000,10,435.0916551,1
6200000,10,695,0
5900000,4,806,0
3200000,8,638,0
1300000,4,610,0
1300000,4,810,0
8700000,4,866,0
6300000,10,760,0
4300000,6,556,0
6400000,12,684,0
7700000,18,578,0
6900000,12,814,0
4200000,20,510,1
3900000,2,674,0
2000000,14,570,0
4987970.08,2,680,0
3500000,12,803,0
3100000,16,357,1
4900000,4,575,0
1000000,4,546,0
6700000,8,370,1
4100000,6,713,0
1600000,2,672.478337,0
2400000,14,626,0
2200000,4,854,0
3200000,18,802,0
1600000,20,382,1
3900000,6,415,1
2000000,4,366,0
7600000,10,595,0
5028423.007,2,356,1
7900000,6,568,0
1600000,10,615,0
6400000,12,454.2105489,1
6400000,6,575,0
1600000,10,577,0
9200000,10,455,1
7800000,6,500,1
4000000,8,509,1
6100000,8,379,1
7100000,14,664,0
2500000,6,623,0
3200000,16,558,0
1700000,18,580,0
6300000,6,612,0
700000,14,705,0
1100000,18,462.3387553,1
8900000,16,711,0
5042543.742,20,735,0
2200000,14,682,0
3400000,10,348,1
7900000,20,750,0
5800000,16,835,0
9400000,6,389,1
4800000,4,866,0
7600000,4,689,0
5900000,16,645,0
4300000,2,797,0
6100000,6,849,0
5400000,20,423,1
5200000,2,370,1
8500000,12,378,1
900000,20,417,1
1400000,20,530,1
2400000,20,543,1
6300000,18,750,0
3100000,20,346,1
6900000,14,330,1
3000000,10,712,0
3100000,14,376,1
600000,14,338,1
4700000,14,600,0
2500000,20,495,1
5022144.038,4,636.43002,0
7600000,18,691,0
8400000,8,519,1
3800000,20,540,1
3100000,16,562,0
5700000,10,430.616825,1
5500000,10,427.7254324,1
4976322.606,2,511,0
3700000,10,621,0
1600000,20,512,1
3900000,2,786,0
700000,18,460.8407066,1
5800000,18,633,0
3800000,6,711,0
6400000,16,472,1
5500000,4,350,1
6800000,10,705.6765227,0
6700000,10,436,1
5300000,14,848,0
6600000,16,555,0
6600000,20,735.8673006,0
7600000,6,674.787414,0
2500000,20,478,1
1100000,4,603,0
2300000,8,784,0
3300000,4,682,0
2600000,6,471,1
9300000,20,808,0
5300000,8,470,1
5400000,20,574,0
3500000,8,429.7153276,1
4200000,14,407,1
9200000,4,702,0
4300000,2,499,1
7500000,10,669,0
5400000,20,459.4456622,1
5500000,18,778,0
2100000,2,787,0
3700000,16,831,0
8800000,18,576,0
5800000,12,600,0
7900000,2,569,0
3100000,20,867,0
4100000,12,441,1
4984131.201,2,667.440086,0
3300000,18,520,1
2000000,14,613,0
600000,8,684.3646866,0
3600000,2,841,0
7500000,20,815,0
5046891.718,18,822,0
5008369.784,18,772,0
6100000,6,776,0
3500000,10,337,1
7800000,12,333,1
8700000,4,663.6502879,0
5500000,14,842,0
1800000,8,790,0
8000000,16,806,0
7500000,8,445.5633288,1
3700000,12,605,0
1600000,12,582,0
1300000,6,607,0
2400000,10,709,0
4100000,14,854,0
7300000,20,776,0
8000000,12,649,0
7900000,4,394,0
7200000,16,371,1
6200000,14,707,0
5700000,20,491,1
5800000,16,570,0
900000,18,395,1
2200000,10,497,1
1800000,14,440,1
800000,16,825,0
7600000,14,457.8659438,1
4100000,4,846,0
4600000,12,856,0
2300000,10,418,1
8000000,6,432.0761677,1
3800000,16,567,0
5023827.608,6,493,1
9300000,2,509,1
4700000,4,364,0
6000000,20,639,0
5500000,2,652.9003239,0
4600000,6,433,1
5015800.119,20,580,0
6200000,4,676.9891547,0
4998991.871,6,644,0
7800000,10,763,0
2900000,20,694,0
5002830.75,6,757,0
2500000,12,471,1
9000000,2,437,0
5200000,10,406,1
6000000,20,376,1
5100000,14,350,1
8000000,20,784,0
9200000,14,765,0
5008369.784,18,593,0
7600000,10,344,1
5100000,12,454.0575449,1
1500000,16,382,1
6200000,4,510,1
6300000,8,464,1
5500000,2,403,1
8100000,12,606,0
6300000,20,646,0
1100000,20,495,1
7200000,2,626,0
3000000,16,518,1
2700000,8,746,0
5000000,12,737,0
8400000,14,371,1
7700000,8,509,1
4700000,2,411,1
4300000,20,701,0
2500000,10,769,0
4400000,6,740,0
5700000,4,691.245927,0
5300000,14,417,1
4600000,6,785,0
5041392.376,16,504,1
2100000,14,402,1
1200000,16,540,1
8000000,10,607,0
5000000,10,410,1
8500000,12,624,0
4600000,16,805,0
4600000,18,709,0
8500000,14,511,1
7800000,18,766,0
1400000,16,451,1
3700000,4,447,1
1000000,18,763,0
900000,20,834,0
5600000,8,429,1
3200000,16,693,0
2900000,20,478,1
5024978.974,10,752,0
2400000,14,451.4522574,1
5000000,8,428.1380149,1
5000000,20,420,1
4982996.421,8,552,0
6000000,12,606,0
5600000,2,558,0
4500000,6,504,1
5046875.133,8,412,1
6200000,4,673.9462479,0
4998613.611,8,634,0
3900000,8,340,1
8300000,4,615,0
4900000,18,353,1
6900000,8,606,0
4500000,18,498,1
7500000,2,585,0
2300000,8,578,0
7400000,2,693,0
4800000,6,795,0
2600000,6,594,0
2700000,8,840,0
3700000,16,459.538735,1
2600000,18,481,1
8800000,16,531,1
7500000,8,332,1
4700000,4,516,0
7100000,6,727,0
5500000,10,344,1
5036248.187,12,650,0
4200000,8,362,1
6900000,18,463.4373994,1
5102018.2,2,530,1
6700000,6,482,1
9300000,14,701,0
5600000,16,586,0
8100000,16,384,1
6000000,18,715.7766733,0
4200000,2,758,0
1600000,18,529,1
800000,2,589,0
5029574.373,6,670,0
4300000,12,532,1
4000000,18,868,0
2900000,2,776,0
2300000,16,644,0
1800000,12,658,0
8700000,10,766,0
7800000,12,717,0
3200000,10,339,1
1600000,18,463,1
2400000,4,540,0
1800000,16,804,0
7500000,10,541,1
6700000,10,371,1
5800000,6,369,1
4980161.485,2,651,0
9400000,10,477,1
1600000,18,554,0
9300000,14,362,1
3700000,2,469,0
900000,12,547,1
5010639.345,6,809,0
7800000,2,335,1
5300000,18,708,0
5019874.477,16,779,0
5000000,6,748,0
7900000,18,541,1
5300000,2,527,1
5500000,4,859,0
1500000,18,604,0
6600000,18,348,1
6200000,20,734,0
6300000,16,388,1
3800000,20,831,0
5058900.867,6,433,1
5000000,16,699,0
4500000,8,426.7306792,1
1000000,2,611,0
1700000,20,558,0
1200000,2,752,0
8500000,14,786,0
8600000,18,481,1
5075944.594,16,507,1
8700000,14,715,0
1800000,20,392,1
4700000,16,695.6267901,0
7300000,2,479,1
8400000,20,467.7588269,1
4800000,8,740,0
9200000,2,456,0
6200000,10,467,1
5049814.71,10,587,1
2500000,16,569,0
8000000,14,399,1
4600000,4,593,0
4900000,8,409,1
5048822.711,18,353,1
4500000,20,469.674345,1
5900000,12,499,1
4200000,6,424.7435366,1
3300000,6,647,0
4900000,2,767,0
5300000,12,821,0
7200000,6,338,1
8400000,4,785,0
3800000,4,694,0
4976757.144,20,613,0
2900000,10,438.784799,1
6000000,18,783,0
1700000,20,761,0
5300000,10,446.392839,1
7500000,14,661,0
5048822.711,18,339,1
8300000,10,673,0
4500000,18,748,0
4600000,4,702,0
4700000,12,710,0
900000,6,331,1
2400000,12,372,1
3900000,10,783,0
8300000,18,558,0
4700000,6,552,0
3900000,20,544,1
5035475.082,6,425,1
1700000,18,461.6175955,1
6100000,8,758,0
7300000,10,373,1
4991183.276,6,678.6951103,0
4300000,10,594,0
7000000,18,837,0
4900000,4,600,0
6200000,20,547,1
4100000,12,431,1
7300000,12,851,0
9200000,12,760,0
800000,2,716,0
2900000,10,744,0
8100000,4,740,0
9300000,14,759,0
9200000,14,517,1
3100000,18,720.8261748,0
7000000,20,478.8260256,1
3900000,14,527,1
5500000,14,853,0
6600000,20,747,0
4993130.854,16,709.5421488,0
6600000,8,856,0
8600000,4,427.3432583,1
7900000,12,812,0
6800000,2,804,0
700000,8,689.9531752,0
3800000,12,516,1
6900000,4,402,1
3700000,12,330,1
7900000,12,867,0
8800000,16,844,0
3300000,8,439.1096811,1
5800000,20,535,1
7400000,16,433.0614036,1
8200000,4,686,0
3300000,8,465,1
5300000,12,547,1
5700000,12,649,0
9000000,14,670,0
5900000,10,408,1
5400000,6,441.092843,1
5060705.664,14,497,1
5039839.643,14,740,0
3800000,4,430.3236406,1
4977891.924,14,769,0
2500000,6,420,1
1900000,20,540,1
4400000,20,806,0
1400000,6,723,0
3200000,16,565,0
3100000,16,374,1
4500000,10,509,1
9300000,16,728,0
6900000,20,396,1
3900000,2,667,0
3200000,12,583,0
5600000,10,459,1
3700000,18,635,0
8400000,12,604,0
4200000,14,796,0
3800000,10,416,1
3200000,8,439.1109929,1
5028817.852,10,833,0
4300000,6,543,1
8100000,18,751,0
9400000,14,712.0897284,0
8100000,6,346,1
6500000,4,588,0
9400000,4,488,1
2600000,20,765,0
8000000,6,337,1
4700000,8,515,1
7600000,12,555,0
6800000,2,702,0
6600000,2,457,1
8200000,10,425,1
4400000,6,583,0
8300000,6,669.8837271,0
9200000,14,522,1
2700000,20,687,0
6100000,20,856,0
9100000,8,543,1
7600000,14,576,0
7200000,10,856,0
2600000,8,722,0
6500000,12,653,0
8900000,16,480,1
5400000,14,477,1
5022522.298,2,669.3593018,0
8400000,18,530,1
8300000,8,704.541442,0
1700000,8,395,1
1500000,16,771,0
4976322.606,2,579,0
1000000,14,798,0
8800000,8,473,1
1000000,8,431.7670724,1
8600000,14,678,0
2400000,2,745,0
2400000,8,835,0
6000000,20,848,0
7600000,18,731.5693929,0
8000000,10,608,0
5400000,16,758,0
1400000,4,841,0
800000,2,618,0
5041730.944,4,457,0
4100000,4,844,0
1500000,4,776,0
4600000,8,520,1
3300000,12,648,0
7900000,10,654,0
8100000,20,342,1
900000,16,808,0
4900000,10,429,1
6100000,14,538,1
4500000,6,533,1
2900000,8,394,1
7900000,2,771,0
4100000,4,792,0
7700000,8,407,1
5600000,18,544,1
9000000,18,509,1
6400000,16,456.1993382,1
6900000,2,496,1
9100000,18,652,0
1100000,2,806,0
1700000,12,821,0
9200000,20,618,0
8300000,12,729,0
5000000,6,839,0
2200000,2,419.9804986,1
4500000,16,404,1
4100000,6,581,0
2800000,18,596,0
6600000,4,415,0
3200000,6,728,0
6300000,2,666,0
4700000,14,675,0
4100000,16,448.7860916,1
7100000,4,474,1
4900000,18,370,1
5600000,20,596,0
3400000,2,567,0
4500000,16,671,0
5035113.407,18,819,0
7600000,10,829,0
5100126.899,12,454,1
5900000,16,399,1
7100000,10,784,0
8500000,6,538,1
6400000,16,759,0
7100000,12,699,0
1800000,14,347,1
6600000,20,598,0
8800000,2,406,0
4800000,20,860,0
4400000,10,806,0
2000000,2,448,0
6800000,20,393,1
6600000,12,811,0
3300000,20,829,0
7400000,16,700,0
4500000,18,719,0
5014884.232,12,430,1
800000,4,338,0
4000000,4,695,0
7000000,18,374,1
3500000,18,609,0
5033544.089,6,631,0
3400000,6,439,1
4600000,20,837,0
3800000,10,833,0
4200000,20,863,0
2500000,4,684,0
7000000,6,542,1
5300000,8,753,0
6400000,2,512,1
3400000,12,385,1
6700000,2,749,0
4600000,4,618,0
900000,4,583,0
5100000,18,655,0
7000000,20,380,1
4100000,6,679,0
4600000,6,410,1
3600000,8,590,0
5900000,14,397,1
600000,16,425,1
4900000,2,383,0
6400000,6,406,1
7000000,10,563,0
6700000,14,782,0
800000,4,852,0
7600000,2,753,0
3200000,4,489,1
4900000,2,586,0
7200000,16,560,0
5600000,6,487,1
7300000,8,434,1
3300000,20,504,1
9200000,4,827,0
8100000,20,657,0
6600000,10,447,1
4200000,4,834,0
5800000,8,354,1
5600000,18,699.6633748,0
3600000,12,641,0
7700000,6,621,0
7800000,10,587,0
5700000,16,424,1
6300000,14,515,1
2300000,18,592,0
5081805.611,6,413.8914529,1
1000000,16,360,1
7200000,12,535,1
3800000,16,666,0
9300000,16,419,1
7200000,12,640,0
7600000,12,545,1
4500000,10,843,0
4972918.265,20,559,0
700000,18,650,0
3500000,16,479,1
5056866.785,14,447.7109801,1
5400000,2,354,0
2800000,10,521,1
4900000,8,505,1
600000,12,436,1
3000000,6,683,0
1800000,18,348,1
5100000,6,867,0
1400000,14,705.9402388,0
6700000,10,673,0
4300000,18,482,1
7800000,4,767,0
5400000,18,760,0
4980161.485,2,857,0
8600000,10,735,0
2500000,4,810,0
3000000,2,680,0
7000000,4,658.1667944,0
4973674.785,16,688,0
5200000,16,531,1
3300000,2,660,0
2400000,18,414,1
5800000,14,528,1
9400000,12,817,0
6100000,2,799,0
7500000,20,655,0
4100000,6,546,1
8500000,14,745,0
4300000,8,676.3992844,0
9300000,4,822,0
6000000,2,623,0
5300000,16,361,1
7400000,2,778,0
1100000,8,779,0
6600000,4,594,0
8200000,2,530,0
3300000,12,449.6724519,1
2500000,10,394,1
3300000,12,816,0
1000000,16,423,1
6200000,2,539,1
7000000,20,554,0
7000000,6,523,1
5300000,10,852,0
1800000,2,505,1
2300000,10,430,1
4000000,16,784,0
8900000,6,380,1
8000000,20,565,0
7900000,14,446,1
6700000,8,406,1
2400000,6,712,0
8600000,14,729,0
5300000,20,508,1
7400000,20,648,0
8700000,10,346,1
8200000,4,394,1
3700000,12,501,1
9200000,2,655,0
6100000,4,662,0
8800000,20,820,0
9200000,10,521,1
7200000,12,473,1
600000,10,561,0
8000000,20,461,1
6900000,16,715,0
4300000,18,440,1
8500000,18,749,0
8600000,2,787,0
6300000,18,748,0
5800000,12,452.7483208,1
1000000,10,440.2621039,1
1700000,8,682,0
3200000,18,638,0
7500000,14,440,1
2000000,10,689.7051669,0
9100000,20,437,1
8400000,8,796,0
7100000,16,824,0
5035475.082,6,338,1
5000000,12,575,0
4500000,8,773,0
5100000,2,733,0
4100000,14,475,1
7200000,10,677,0
7800000,6,403,1
7500000,12,767,0
6400000,2,813,0
7000000,20,597,0
9000000,8,684.0565032,0
4400000,6,810,0
900000,14,337,1
5027304.812,18,792,0
600000,6,784,0
5088479.425,12,434,1
8400000,10,384,1
8300000,10,642,0
7900000,8,417.8512128,1
8600000,2,606,0
6700000,14,843,0
2700000,10,778,0
6600000,8,718,0
7100000,20,437,1
5048404.759,10,586,0
2200000,6,777,0
8700000,12,525,1
7200000,12,632,0
2000000,20,337,1
8600000,8,458,1
2300000,8,364,1
5021936.307,16,499,1
1900000,16,704.5416296,0
2100000,16,709.951404,0
3900000,8,817,0
5006043.946,10,704,0
1900000,12,742,0
3200000,4,393,0
1100000,18,828,0
8000000,12,779,0
6100000,6,860,0
3200000,2,432,0
9000000,20,532,1
1200000,2,678,0
7900000,6,601,0
7700000,8,807,0
4400000,16,702.272527,0
3100000,18,665,0
2600000,16,697,0
5500000,14,867,0
5700000,8,544,1
6100000,20,482,1
8200000,18,857,0
6000000,12,549,1
8000000,10,720,0
2000000,8,440.9917537,1
1300000,12,669,0
7000000,6,591,0
4100000,6,440,1
8000000,16,701.915584,0
8100000,8,663,0
5080292.57,14,433,1
9200000,10,450.2619818,1
3900000,16,360,1
9100000,8,727,0
3000000,4,685,0
2000000,8,373,1
6300000,8,469,1
4100000,8,548,1
4976757.144,20,618,0
5200000,8,658,0
7600000,18,781,0
9200000,2,715,0
2200000,4,409,1
8300000,10,504,1
6100000,16,428,1
4500000,20,704,0
6600000,12,834,0
8900000,14,694,0
3900000,20,453,1
8900000,14,404,1
6400000,12,776,0
5014127.712,16,526,1
5033165.829,8,641,0
4100000,6,582,0
8100000,18,778,0
5052243.637,10,763,0
4800000,12,650,0
2900000,2,820,0
3500000,12,824,0
4900000,4,718,0
5100000,14,453.8738905,1
7300000,10,751,0
5048301.669,18,520,1
1400000,4,355,0
8700000,14,447.8748491,1
2800000,20,728,0
9100000,14,564,0
6800000,14,699,0
5000000,6,624,0
4400000,14,795,0
8400000,20,703,0
7800000,4,394,1
4800000,14,779,0
3200000,4,405,1
2300000,16,612,0
9200000,10,448,1
4700000,6,506,1
8000000,2,776,0
2600000,6,730,0
5000182.929,20,730,0
7300000,2,345,1
3300000,2,847,0
8300000,20,398,1
4100000,2,423.6082081,1
7300000,16,852,0
9300000,6,364,1
4300000,12,552,0
2600000,2,421,0
2900000,12,588,0
900000,6,763,0
4900000,20,823,0
7700000,10,642,0
4700000,12,647,0
3000000,20,723.3005235,0
5051470.532,4,518,1
6900000,20,515,1
3800000,8,340,1
600000,14,521,1
1200000,12,330,1
7800000,2,474,0
9000000,6,681.1365626,0
2800000,12,436,1
7800000,10,445.1937941,1
4700000,18,722.730951,0
4600000,20,597,0
5100000,14,436,1
6100000,18,640,0
6000000,16,444.8534282,1
8400000,16,476,1
9300000,14,393,1
4200000,10,506,1
5084887.969,10,418,1
5600000,6,865,0
7800000,2,703,0
4500000,2,568,0
2400000,2,425,1
3900000,12,448.1758043,1
5089614.206,6,456,1
900000,2,602,0
1100000,20,814,0
6400000,2,640,0
4600000,4,817,0
7600000,20,361,1
6800000,14,839,0
7100000,20,592,0
6700000,6,498,1
5800000,6,847,0
8600000,16,643,0
3500000,4,389,0
4800000,20,381,1
6100000,16,400,1
5200000,16,718,0
4100000,8,433.1698212,1
3200000,2,838,0
7500000,14,678,0
1500000,14,826,0
1200000,16,348,1
8400000,6,476,1
7900000,8,666,0
2100000,20,722.33373,0
2500000,20,547,1
3700000,2,405,0
1100000,16,498,1
6500000,8,779,0
8200000,8,403,1
5000000,8,709,0
1500000,6,507,1
3700000,18,368,1
4100000,16,760,0
7200000,6,796,0
2000000,6,684.8343795,0
2000000,14,673,0
5100000,4,747,0
6000000,12,589,0
4900000,8,382,1
900000,12,698.7728156,0
7500000,18,628,0
6400000,12,667,0
8700000,2,778,0
7300000,18,831,0
7400000,4,662.6587728,0
2700000,16,656,0
3400000,6,685.3491087,0
2100000,4,672.2468751,0
3100000,10,751,0
4700000,2,523,0
3100000,6,584,0
5700000,2,630,0
2300000,14,472,1
6600000,16,802,0
2700000,18,547,1
800000,16,726,0
6600000,8,712,0
3900000,6,790,0
5057009.566,16,396,1
2000000,6,831,0
9100000,20,632,0
4700000,8,527,1
3200000,6,708,0
1700000,14,829,0
2600000,12,854,0
2700000,14,705.9247195,0
3600000,6,589,0
7200000,6,571,0
2500000,6,708,0
5500000,16,450.0973164,1
9200000,8,564,0
9000000,8,693,0
5900000,14,626,0
5600000,12,470,1
3200000,8,849,0
9100000,16,547,1
4600000,2,417,0
7300000,2,358,1
1300000,16,826,0
1800000,6,836,0
5084887.969,10,509,1
5700000,20,581,0
5053378.418,4,359,0
2100000,10,517,1
5700000,14,442,1
1100000,16,346,1
9300000,6,742,0
3500000,10,626,0
8200000,4,619,0
7500000,20,734,0
7000000,6,420,1
3900000,18,600,0
4700000,12,440,1
1700000,16,820,0
2500000,8,437,1
5014884.232,12,468,1
2400000,8,368,1
5700000,2,657.9953164,0
5029952.633,4,816,0
9000000,4,773,0
800000,14,576,0
1600000,14,673,0
5007470.483,20,760,0
2900000,12,678,0
3900000,14,701.2738182,0
3300000,18,754,0
700000,8,617,0
8400000,20,661,0
4000000,12,356,1
1900000,16,811,0
3900000,2,730,0
7400000,2,792,0
5900000,6,798,0
1400000,12,490,1
1800000,6,448,1
1000000,6,525,1
7400000,20,415,1
2700000,16,496,1
3600000,8,543,1
7000000,12,520,1
5000000,14,441.797608,1
1800000,14,502,1
4700000,6,505,1
6700000,4,664.9259804,0
5800000,10,719,0
5900000,18,855,0
6000000,18,593,0
700000,10,523,1
3700000,14,385,1
7100000,6,783,0
1100000,2,538,0
5032392.723,2,506,1
2200000,2,461,0
5500000,8,666,0
4400000,20,561,0
5000000,10,345,1
6100000,14,862,0
8100000,10,686,0
7000000,8,708,0
5600000,20,656,0
1800000,14,743,0
3600000,14,408,1
600000,14,408,1
4900000,12,439,1
3000000,6,415,1
3800000,12,490,1
7600000,16,685.339988,0
7800000,18,425,1
6800000,20,730,0
5900000,20,657,0
4900000,10,480,1
1100000,16,356,1
4974431.306,12,629,0
1200000,2,667,0
4700000,18,559,0
6700000,4,791,0
3700000,6,538,1
7400000,20,358,1
3300000,14,439,1
4800000,12,503,1
4600000,6,810,0
8000000,14,428.9858847,1
4100000,18,472.4908827,1
2600000,16,612,0
1300000,6,686,0
2300000,12,409,1
5101261.679,6,492,1
7000000,20,498,1
4400000,18,611,0
5100000,6,776,0
5900000,6,779,0
7800000,16,560,0
2200000,6,430.8312651,1
5400000,18,786,0
7400000,8,597,0
5800000,12,811,0
5800000,12,862,0
4800000,12,369,1
7400000,4,687,0
5007075.637,12,500,1
4983374.681,6,746,0
700000,14,619,0
7600000,20,692,0
1400000,18,463.8031111,1
3800000,14,730,0
2700000,6,480,1
5000000,2,753,0
9000000,6,637,0
3700000,6,483,1
4999370.131,4,673.4604849,0
1800000,8,777,0
7900000,4,402,1
2100000,8,493,1
900000,4,355,0
5042922.002,18,557,0
5600000,20,606,0
6000000,16,743,0
5700000,4,579,0
9000000,20,734,0
7300000,2,490,1
5300000,16,802,0
3500000,16,867,0
1000000,12,450.6370817,1
5100000,12,867,0
2900000,8,428.2967064,1
7600000,14,762,0
6000000,18,462,1
6300000,18,849,0
1900000,18,592,0
600000,4,507,1
4100000,14,505,1
800000,8,467,1
6600000,16,543,1
5040217.903,12,674,0
6100000,2,717,0
4800000,10,666,0
4500000,18,830,0
3800000,16,383,1
7000000,8,584,0
4400000,18,799,0
5300000,6,510,1
2600000,6,572,0
3300000,2,554,0
1200000,6,344,1
4300000,8,697.9875016,0
8400000,10,514,1
600000,18,796,0
4700000,12,802,0
4200000,20,375,1
4300000,2,665.7886214,0
800000,2,439,0
9300000,8,438,1
6200000,2,468,1
3500000,12,645,0
3600000,18,700,0
5087722.905,16,348,1
600000,10,689.4703523,0
3800000,6,670.19688,0
1400000,12,610,0
6300000,4,742,0
2800000,18,801,0
5400000,2,533,0
6300000,16,656,0
3900000,18,785,0
4200000,2,332,0
3100000,18,768,0
3400000,6,640,0
1500000,6,688.3361695,0
900000,18,772,0
7800000,4,665,0
3500000,20,454,1
8400000,14,698,0
6400000,20,332,1
5027666.487,6,536,1
2100000,10,796,0
6000000,8,486,1
8300000,18,422,1
5300000,6,501,1
4975944.346,4,666,0
8200000,18,371,1
3400000,14,460.8664698,1
2800000,12,753,0
2400000,16,740,0
8200000,4,366,1
4200000,8,526,1
5500000,10,354,1
2900000,6,719,0
6300000,12,774,0
5004530.905,18,732,0
6500000,6,862,0
4900000,18,613,0
6900000,6,447,1
1100000,4,730,0
7800000,14,568,0
8200000,6,495,1
6700000,14,854,0
7400000,10,548,1
1200000,14,779,0
4980161.485,2,564,0
4000000,2,571,0
8600000,8,778,0
9100000,12,808,0
7100000,20,770,0
9000000,4,612,0
1400000,14,819,0
8800000,6,627,0
5400000,4,359,1
6100000,6,341,1
1000000,4,570,0
7700000,20,736,0
6100000,2,426.9279895,1
7700000,12,420,1
4700000,2,416,1
9100000,20,836,0
5800000,12,528,1
8500000,2,405,1
5024222.453,14,783,0
2000000,10,636,0
5000000,6,711,0
3200000,16,848,0
8000000,8,804,0
1200000,14,704.4741099,0
5800000,14,696,0
2500000,20,720.5729629,0
600000,10,699,0
4900000,10,865,0
9400000,14,383,1
5300000,16,368,1
5100000,4,607,0
2900000,18,827,0
9100000,12,672,0
8800000,12,708,0
2600000,10,682,0
5015657.338,18,741,0
600000,8,343,1
4100000,16,785,0
8000000,20,830,0
8800000,16,696,0
5028439.592,12,697,0
3800000,2,351,0
6800000,10,556,0
8600000,2,669.0042873,0
2800000,10,534,1
8000000,12,736,0
2300000,16,629,0
7600000,20,657,0
2900000,12,839,0
7900000,18,589,0
1900000,6,805,0
4600000,20,729,0
2600000,6,399,1
2700000,8,413,1
6300000,16,467.2646359,1
2600000,2,853,0
7700000,6,400,1
7400000,16,630,0
7300000,20,557,0
2900000,2,358,1
6600000,10,510,1
2700000,14,554,0
8300000,4,596,0
4900000,8,659,0
7900000,10,417.6473464,1
8800000,14,852,0
4000000,18,653,0
3900000,12,737,0
7700000,2,583,0
3800000,16,708.8967883,0
8000000,20,595,0
3400000,20,714.8003145,0
5500000,12,603,0
7700000,14,801,0
4000000,4,723,0
5900000,18,630,0
2600000,20,368,1
6600000,12,759,0
1000000,18,382,1
800000,16,645,0
3200000,6,689.792321,0
8400000,12,350,1
5800000,6,720,0
7300000,10,673,0
3900000,6,448,1
4600000,4,720,0
3600000,2,666.4334196,0
7500000,20,520,1
5200000,12,794,0
4400000,8,691.4412616,0
5100000,14,533,1
6000000,6,776,0
3800000,6,706,0
2800000,2,710,0
6500000,4,333,1
1600000,4,787,0
5500000,12,569,0
5048679.93,16,427,1
7000000,16,640,0
4000000,16,468.4726138,1
8100000,12,464,1
6600000,8,490,1
4100000,12,431,1
6600000,4,500,0
5100000,14,511,1
8200000,18,691,0
4974053.045,14,696,0
7600000,2,437,0
8400000,12,335,1
7600000,4,671,0
1400000,12,621,0
2700000,10,455,1
5017170.378,10,856,0
600000,16,710.4098245,0
5200000,16,819,0
5100000,10,446.6183823,1
9200000,2,687.2561349,0
6500000,18,713,0
8500000,6,665,0
2000000,12,837,0
7500000,20,395,1
7500000,10,632,0
2000000,16,497,1
1400000,14,694,0
1700000,2,667.9595589,0
5300000,6,504,1
8900000,2,747,0
5045569.823,4,462,0
9000000,4,538,1
8500000,6,664,0
3500000,4,524,0
5027666.487,6,464,1
8900000,6,807,0
7800000,18,622,0
5006800.466,6,827,0
5200000,14,687,0
7400000,16,835,0
1200000,6,772,0
1000000,2,710,0
5032031.048,14,581,0
4500000,18,775,0
4900000,12,710,0
700000,8,433.6580181,1
9400000,20,761,0
8300000,6,674,1
5600000,4,681.5069057,0
4400000,8,567,0
2100000,8,771,0
4400000,4,360,1
6300000,6,425,1
5091183.523,18,496,1
700000,20,705,0
3600000,14,427,1
5600000,2,552,0
1000000,8,725,0
6400000,8,553,0
8900000,2,725,0
5094209.605,2,481,1
4000000,4,847,0
7300000,10,666,0
8100000,6,477,1
6800000,4,446,0
2600000,8,630,0
5004152.645,20,613,0
2400000,4,851,0
6000000,12,339,1
3800000,16,857,0
7000000,14,467,1
5400000,16,355,1
6400000,6,428,1
7000000,14,450,1
2100000,4,348,1
4400000,12,459,1
8000000,8,847,0
3900000,18,523,1
4700000,10,786,0
6800000,14,447.6856379,1
1800000,12,728,0
8600000,4,497,0
3600000,10,548,1
6800000,6,576,0
1100000,20,863,0
4000000,8,717,0
2500000,12,668,0
5400000,10,335,1
6600000,4,861,0
6000000,2,427.1584608,1
2200000,10,585,0
8800000,10,704,0
4000000,4,819,0
3600000,18,494,1
8100000,2,808,0
5200000,12,830,0
1100000,14,473,1
7500000,4,392,0
7700000,12,806,0
5700000,8,340,1
5000000,8,555,0
5057009.566,16,499,1
8900000,10,467,1
1700000,4,797,0
4996722.31,18,762,0
4989291.975,16,562,0
8400000,2,492,1
4991561.536,4,824,0
1700000,10,602,0
6500000,10,722,0
8900000,6,709,0
4987591.82,4,676.3009249,0
5700000,6,364,1
5007075.637,12,389,1
8500000,16,786,0
4000000,8,434,1
6300000,6,671,0
4000000,8,376,1
9400000,6,680.9687209,0
4100000,10,836,0
1100000,6,515,1
8700000,20,360,1
4900000,2,691,0
2800000,14,510,1
5059949.143,18,389,1
6900000,14,348,1
2300000,2,504,0
6800000,20,658,0
2200000,16,641,0
5900000,20,463.4882201,1
7000000,18,726,0
5015279.078,20,828,0
6500000,12,755,0
3800000,20,788,0
9400000,20,832,0
2100000,4,554,0
8500000,8,811,0
3800000,2,649,0
3400000,20,830,0
5600000,6,707,0
8500000,10,483,1
2100000,18,349,1
5053378.418,4,846,0
7900000,20,386,1
6900000,12,408,1
1800000,2,764,0
1200000,18,473,1
3600000,12,654,0
7200000,2,551,0
9400000,6,850,0
9000000,4,646,0
1000000,8,793,0
5600000,16,551,0
900000,4,346,1
9000000,14,540,1
3100000,20,723.0616418,0
8000000,6,570,0
3500000,16,705.7525618,0
3900000,8,553,0
5036626.447,10,649,0
4500000,14,439,1
6800000,8,621,0
6300000,14,704.8461057,0
4900000,8,492,1
4800000,6,618,0
7500000,18,458,1
5200000,4,422,1
9400000,20,708.8536679,0
3200000,14,610,0
3600000,20,546,1
3400000,8,741,0
2100000,6,754,0
7200000,8,379,1
4500000,18,455,1
2600000,20,615,0
6400000,10,384,1
6400000,16,628,0
3100000,16,865,0
1800000,2,679,0
9300000,14,689,0
6500000,10,636,0
3100000,20,837,0
2300000,12,557,0
5077079.374,10,440.6060184,1
3700000,14,531,1
8600000,14,476,1
2600000,4,775,0
7100000,20,477,1
7000000,16,682,0
8300000,12,334,1
6800000,12,565,0
5016775.533,2,340,1
5100000,14,461.8393161,1
3500000,8,683.5635365,0
4300000,16,346,1
5300000,2,861,0
6400000,12,699,0
9300000,8,629,0
1100000,14,359,1
7100000,10,430,1
1100000,18,417,1
1900000,6,683.8564836,0
1300000,16,690,0
7500000,16,347,1
2400000,4,539,1
2500000,8,464,1
7500000,4,438.4477216,1
9300000,6,431,1
3300000,12,489,1
5700000,12,775,0
5051092.272,6,365,1
1200000,10,555,0
8200000,10,457,1
5500000,8,580,0
1800000,20,496,1
3500000,16,837,0
6000000,6,455,1
2700000,20,551,0
5900000,10,825,0
2100000,18,554,0
2000000,18,400,1
9000000,10,853,0
7600000,14,403,1
5085644.489,6,392,1
6300000,20,673,0
3100000,10,498,1
1100000,6,858,0
3900000,20,477,1
8700000,12,548,1
6400000,6,414.6678577,1
5065053.64,12,483,1
2400000,20,384,1
8900000,10,692.9276091,0
6100000,10,492,1
7600000,4,607,0
900000,16,701,0
7100000,20,720.6019024,0
5000000,10,808,0
2000000,20,596,0
2600000,14,421,1
7000000,20,495,1
3900000,6,604,0
8400000,4,509,0
5009740.044,8,852,0
1900000,16,705.5898838,0
9200000,14,700.0007942,0
5031636.203,6,386,1
6300000,4,590,0
6100000,14,510,1
7800000,6,523,1
2000000,8,461,1
1900000,2,832,0
3300000,18,713.6976488,0
4968514.011,2,732,0
3500000,16,444.6049447,1
4400000,4,701,0
2000000,14,502,1
9200000,12,742,0
2200000,2,755,0
1900000,2,834,0
8700000,12,394,1
5033922.349,4,663,0
9400000,10,649,0
8000000,14,738,0
1000000,4,524,1
5300000,16,855,0
1400000,20,462.9628619,1
1600000,12,532,1
3400000,6,584,0
7800000,4,447,0
7100000,14,852,0
6000000,2,368,1
8200000,10,447,1
3900000,20,867,0
8400000,12,397,1
5050352.337,20,798,0
8300000,20,530,1
2500000,16,356,1
6100000,18,718,0
5000000,10,459,1
5002452.49,8,571,0
5700000,8,412,1
5000000,20,604,0
8600000,16,449,1
1400000,12,778,0
5900000,16,476,1
4100000,12,727,0
7400000,8,818,0
7100000,16,738,0
5300000,16,546,1
6600000,2,471,1
2800000,4,860,0
1600000,4,364,1
8500000,20,557,0
5200000,12,612,0
6400000,6,414,1
1300000,4,372,1
5600000,12,466,1
9000000,20,348,1
7800000,4,597,0
4000000,8,791,0
700000,12,400,1
7300000,16,813,0
5200000,4,675,0
6200000,18,463.8640442,1
1100000,8,693,0
5600000,8,491,1
3400000,8,559,0
1500000,16,392,1
5800000,18,532,1
5010261.085,8,592,0
8300000,4,459,1
5041730.944,4,627,0
1900000,2,462,0
4974053.045,14,600,0
1800000,18,366,1
3300000,14,356,1
900000,16,590,0
8200000,4,485,0
4973296.525,18,617,0
1000000,8,664,0
7100000,8,583,0
5015657.338,18,859,0
3100000,14,504,1
700000,16,688,0
1800000,2,422,0
8400000,8,746,0
7400000,20,478.5345904,1
6700000,6,701,0
1700000,16,754,0
5030879.682,10,515,1
3800000,12,670,0
1300000,8,407,1
3100000,12,693.0959263,0
5015279.078,20,715.4639618,0
8100000,6,595,0
8900000,4,757,0
4200000,4,386,1
4100000,18,756,0
8300000,12,453,1
7500000,8,428.18437,1
2100000,6,703,0
1400000,8,753,0
6900000,2,621,0
2500000,10,852,0
3800000,12,449.219592,1
7700000,10,359,1
3200000,16,534,1
8600000,10,704,0
3800000,16,662,0
8400000,18,599,0
1600000,4,675.4698756,0
7800000,16,549,1
9400000,12,443,1
4990426.756,10,550,0
2400000,18,393,1
7500000,8,488,1
3300000,16,845,0
5500000,2,382,0
2400000,12,357,1
8700000,16,815,0
5025775.186,16,368,1
8400000,16,674,0
9200000,10,335,1
4600000,2,355,1
7600000,6,510,1
8500000,4,698,0
3100000,18,408,1
4900000,18,401,1
5800000,14,418,1
5700000,4,697,0
3200000,14,683,1
8000000,16,763,0
5000000,6,336,1
2900000,10,693,0
6400000,18,745,0
6300000,18,629,0
5900000,16,581,0
8100000,4,672,0
7100000,4,700,0
1400000,14,787,0
2300000,8,429.5415955,1
7400000,4,655,0
5300000,12,572,0
7700000,2,663,0
5000000,16,726,0
6000000,12,680,0
1400000,2,685,0
9400000,6,762,0
5200000,18,768,0
3100000,8,504,1
8400000,12,796,0
1200000,18,348,1
4800000,6,717,0
9200000,4,565,0
5300000,6,647,0
4700000,2,626,0
6500000,6,554,0
3200000,20,864,0
4600000,6,406,1
700000,10,650,0
7600000,8,534,1
1200000,8,691.4647539,0
5100000,12,845,0
4300000,14,792,1
5091183.523,18,544,1
4000000,10,552,0
3900000,12,837,0
6900000,18,845,0
7000000,10,677,0
6300000,20,430,1
8900000,12,702.7761666,0
5700000,8,544,1
5200000,10,355,1
7400000,4,540,1
6500000,14,444,1
6200000,14,567,0
2400000,20,513,1
2500000,10,590,0
2700000,20,368,1
3000000,6,413,1
6100000,4,401,1
1500000,18,687,0
6500000,14,577,0
5009882.825,10,576,0
4985322.259,16,687,0
5500000,12,474,1
1200000,6,709,0
6900000,18,438,1
8000000,4,667.2329542,0
4100000,20,383,1
1400000,20,563,0
1600000,20,371,1
2100000,12,379,1
8800000,18,704.1134969,0
7100000,10,725,0
8600000,16,678,0
5400000,6,724,0
1000000,6,808,0
5400000,8,625,0
4200000,4,771,0
7500000,14,695,0
1200000,2,564,0
6300000,10,349,1
5041730.944,4,797,0
7400000,8,391,1
2200000,12,833,0
4000000,10,515,1
2700000,16,671,0
2000000,4,404,0
6400000,6,537,1
1400000,4,348,0
2800000,12,647,0
8200000,14,436.9620796,1
9000000,14,638,0
800000,12,363,1
6100000,6,808,0
2400000,2,664.020891,0
6000000,12,607,0
7900000,6,571,0
5071727.454,18,446,1
1800000,20,436,1
5800000,12,738,0
2800000,10,519,1
4000000,8,531,1
1000000,18,578,0
9100000,20,578,0
4600000,14,442,1
7800000,6,751,0
6600000,10,353,1
5017313.159,12,664,0
7400000,18,505,1
4300000,10,571,0
4981483.38,16,754,0
1100000,20,858,0
8600000,20,641,0
9400000,16,592,0
5300000,14,432,1
8700000,18,558,0
4800000,12,547,1
4400000,18,732,0
5400000,12,784,0
8400000,10,605,0
5400000,18,688,0
9400000,10,617,0
800000,4,518,0
3800000,10,390,1
3100000,4,370,1
6000000,4,802,0
6800000,12,338,1
5200000,6,658,0
1900000,12,595,0
3600000,20,594,0
1500000,14,611,0
2000000,8,799,0
9200000,20,497,1
6100000,18,456,1
5058522.607,8,396,1
800000,10,770,0
3300000,16,797,0
5800000,20,586,0
8500000,16,604,0
4100000,8,799,0
7800000,4,763,0
7500000,14,725,0
2300000,18,336,1
600000,6,495,1
2900000,20,431,1
900000,2,415,1
9000000,6,451,1
4800000,4,489,1
1600000,12,415,1
2600000,12,425,1
1800000,14,453,1
4400000,20,634,0
5032827.26,20,519,1
800000,6,353,1
1500000,4,767,0
7700000,14,473,1
7200000,2,801,0
1000000,16,543,1
6300000,12,714,0
1900000,12,830,0
4400000,4,401,0
9100000,6,518,1
900000,20,367,1
4600000,12,493,1
9400000,14,505,1
6900000,16,441.7382668,1
5037004.708,8,735,0
1900000,2,622,0
4400000,6,513,1
1200000,16,585,0
1000000,10,813,0
3100000,18,622,0
2100000,16,706.224655,0
2100000,2,459,1
9400000,18,369,1
4995022.155,6,601,0
1400000,18,703,0
4700000,20,597,0
4100000,10,670,0
1200000,6,366,1
7900000,16,857,0
6600000,16,401,1
2200000,4,437,0
5500000,8,685.3425524,0
5100000,8,392,1
3900000,10,421,1
5060808.753,6,722,0
5800000,10,692,0
8300000,2,537,1
2600000,8,676,0
2100000,6,817,0
3900000,20,433,1
5200000,6,524,1
7800000,20,490,1
5400000,4,595,0
2900000,2,835,0
7100000,6,850,0
800000,4,409,0
3400000,10,760,0
6800000,14,344,1
7000000,12,678.0285604,0
9300000,10,600,0
7500000,10,790,0
8000000,20,392,1
1600000,2,748,0
6700000,6,798,0
3800000,4,677.8904816,0
2700000,6,413,1
1300000,8,733,0
3400000,16,543,1
3400000,14,757,0
2400000,8,464,1
1900000,4,749,0
700000,6,680,0
6900000,4,574,0
5046891.718,18,774,0
6000000,10,387,1
4300000,20,397,1
5800000,14,816,0
3300000,8,845,0
4995400.415,4,743,0
5059279.127,4,418,1
4200000,6,466,1
600000,12,335,1
4400000,6,446,1
9200000,2,868,0
6900000,4,763,0
5100000,14,527,1
3400000,2,741,0
8600000,12,802,0
9200000,8,538,1
4800000,4,523,0
2800000,14,381,1
3400000,4,534,1
800000,14,574,0
4100000,6,405,1
1900000,16,542,1
6700000,14,820,0
5200000,2,505,1
6700000,2,508,1
4700000,20,835,0
6000000,12,826,0
6500000,12,427,1
5044056.782,12,730.9240367,0
5700000,2,333,1
6800000,12,679,0
3100000,18,805,0
5100000,16,826,0
6300000,10,844,0
4400000,10,663,0
8100000,6,686.8518466,0
1100000,2,508,0
2400000,4,581,0
7000000,12,481,1
8700000,12,543,1
3500000,10,448,1
1600000,4,713,0
7800000,16,493,1
3700000,10,819,0
5050730.597,18,827,0
4800000,10,398,1
2900000,18,692,0
5000000,18,509,1
7600000,16,439,1
3000000,4,622,0
5029366.642,18,526,1
6800000,8,865,0
5048009.913,2,385.4798732,1
1200000,4,768,0
7400000,16,854,0
6900000,4,839,0
9100000,18,414,1
1300000,16,530,1
6600000,10,841,0
1800000,14,670,0
8200000,14,726,0
2800000,14,352,1
7000000,4,554,0
700000,18,728,0
7400000,6,463,1
2300000,10,431,1
600000,8,445,1
1000000,4,678.2043085,0
2200000,8,420,1
8000000,2,652.4145393,0
8600000,10,867,0
7500000,2,342,0
5200000,18,711,0
7900000,2,723,0
4200000,4,704,0
6500000,16,842,0
7400000,12,600,0
9100000,12,688,0
800000,16,739,0
800000,10,798,0
4100000,4,426.8381122,1
4200000,6,583,0
4800000,12,535,1
8300000,8,696,0
7600000,8,672,0
5100000,20,410,1
3600000,14,546,1
5400000,16,550,0
700000,4,344,1
4982618.161,10,743,0
5053378.418,4,772,0
9400000,12,434.852306,1
3200000,18,376,1
3700000,10,747,0
4200000,6,710,0
7000000,6,673.5357247,0
3200000,16,492,1
7900000,2,559,0
2200000,18,461.0444675,1
2700000,6,744,0
6800000,12,690,0
6300000,4,347,0
9000000,2,677,0
4700000,4,468,0
8100000,4,674,0
9000000,14,353,1
3800000,8,727,0
8800000,10,512,1
8700000,18,454,1
5000000,14,459.85359,1
6000000,10,480,1
9100000,16,685,0
7400000,6,460,1
8300000,16,704,0
7600000,12,692,0
3500000,4,398,1
1000000,18,711.9774262,0
5049539.539,4,860,0
5700000,18,330,1
700000,16,447,1
4966622.711,12,788,0
9300000,6,526,1
5019496.217,18,577,0
8700000,16,372,1
7300000,14,759,0
4100000,10,465,1
2900000,4,789,0
7500000,2,680,0
7900000,20,681,0
6900000,16,673,0
6900000,10,434.5887397,1
4800000,16,551,0
7700000,8,453,1
6900000,4,650,0
1200000,4,439,0
2900000,4,658,0
5500000,6,379,1
3200000,4,450,0
2600000,4,849,0
5019496.217,18,865,0
1800000,10,853,1
1300000,12,555,0
4984565.739,20,821,0
2000000,2,820,0
5100000,4,721,0
8200000,20,831,0
4200000,18,571,0
1300000,8,582,0
4600000,18,487,1
6600000,12,758,0
8300000,16,636,0
6900000,16,857,0
4700000,8,678,0
7900000,8,551,0
8800000,16,668,0
6500000,2,672,0
3500000,4,439,0
8200000,16,636,0
2000000,14,393,1
2700000,2,848,0
5300000,4,790,0
5035475.082,6,418.3817814,1
5000000,14,775,0
9100000,20,403,1
7600000,14,867,0
5200000,18,558,0
1800000,4,548,0
7300000,16,486,1
3200000,6,635,0
5200000,2,538,0
7100000,14,496,1
1400000,6,411,1
2700000,6,857,0
6500000,10,360,1
9300000,18,461,1
6700000,16,638,0
6800000,6,865,0
5600000,4,449,1
1900000,2,671.6356455,0
8400000,6,815,0
2500000,16,454,1
2900000,18,783,0
3200000,2,543,1
3000000,2,786,0
800000,20,395,1
4984131.201,2,667.440086,0
4400000,20,488,1
8700000,10,829,0
7400000,6,677,0
5700000,12,645,0
5006043.946,10,788,0
7000000,6,649,0
8900000,4,519,1
3100000,14,772,0
2200000,12,330,1
7100000,4,557,0
8200000,6,334,1
5072862.235,12,487,1
3900000,8,539,1
2200000,8,710,0
600000,20,718.131859,0
6900000,10,512,1
7400000,18,561,0
4000000,6,539,1
700000,18,544,1
1900000,16,631,0
2200000,20,546,1
2000000,14,569,0
7400000,6,384,1
2300000,6,583,0
4000000,12,517,1
1500000,18,420,1
5200000,18,644,0
5400000,8,349,1
7700000,18,662,0
1900000,20,704,0
6400000,2,424.7416782,1
700000,18,757,0
5800000,16,361,1
1800000,4,415,0
4300000,18,618,0
8000000,8,524,1
1100000,18,715.2967702,0
8800000,12,729,0
4800000,14,774,0
4965109.67,20,724,0
1400000,16,459.1479434,1
2500000,16,590,0
8100000,8,796,0
6100000,6,674.0374673,0
2000000,16,651,0
4800000,12,634,0
900000,2,660,0
1300000,12,512,1
4200000,2,677.4684982,0
3300000,20,823,0
8700000,12,687.8331701,0
800000,2,439,0
7400000,2,441,1
6900000,6,360,1
8800000,14,561,0
8600000,4,758,0
5400000,18,621,0
2900000,18,621,0
5084509.709,12,342,1
3300000,4,552,0
5017588.331,18,376,1
1500000,12,801,0
5400000,4,512,0
6600000,18,497,1
5700000,8,386,1
8500000,2,683,0
7400000,16,779,0
7800000,6,692.0450724,0
7200000,18,515,1
7600000,12,463,1
7000000,4,486,0
5700000,6,439.9773851,1
8200000,10,343,1
9000000,8,712,0
3900000,6,607,0
6500000,4,812,0
2300000,16,589,0
5700000,18,657,0
800000,12,453,1
8400000,14,713.6192337,0
4300000,4,564,0
5013371.192,20,419,1
8700000,16,663,0
4400000,4,679.8974467,0
5600000,16,528,1
600000,12,475,1
2500000,20,695,0
3800000,10,759,0
2500000,4,636,0
5500000,10,546,1
4500000,2,639,0
1900000,10,388,1
6400000,12,594,0
3800000,6,760,0
6300000,16,582,0
5002830.75,6,682.3213238,0
7100000,18,710.4702727,0
600000,2,495,1
4400000,16,865,0
7600000,12,775,0
8700000,10,434.3447537,1
5600000,12,395,1
4100000,14,772,0
7900000,18,477.6421788,1
5600000,14,649,0
1200000,10,438,1
6900000,6,588,0
2700000,2,815,0
5082183.871,4,364,1
9300000,4,586,0
6700000,12,555,0
1300000,10,440.5445442,1
7900000,16,605,0
6700000,18,672,0
2100000,18,591,0
4700000,4,428.0687938,1
3700000,16,393,1
5800000,2,561,0
2400000,20,725,0
8100000,16,438,1
5400000,12,399,1
1400000,8,592,0
2500000,8,835,0
1600000,4,733,0
3700000,20,484,1
5004152.645,20,615,0
5300000,4,591,0
2800000,12,349,1
5056110.264,18,478,1
2200000,20,633,0
8400000,8,378,1
2100000,20,461,1
2800000,2,834,0
2500000,20,671,0
1700000,10,524,1
6100000,4,816,0
4100000,10,729,0
4500000,8,435.2350634,1
5600000,8,350,1
5800000,10,444,1
8600000,10,690.0592362,0
2900000,20,708,0
8300000,2,355,1
2400000,6,756,0
5600000,4,719,0
5056866.785,14,439,1
4900000,10,668,0
5900000,2,765,0
5049539.539,4,476,0
7000000,14,781,0
3500000,4,350,0
5200000,16,783,0
6300000,12,770,0
8400000,10,822,0
7500000,14,469,1
3300000,16,449.6487638,1
8800000,14,692,0
5058539.192,18,707,0
8000000,4,658,0
1000000,6,625,0
9400000,10,343,1
2100000,18,358,1
5400000,20,705,0
4700000,8,799,0
8800000,12,397,1
3200000,6,493,1
7200000,4,446,0
2500000,16,456.4347495,1
6900000,14,713.3433862,0
5700000,16,429,1
5500000,18,673,0
9200000,10,731,0
5700000,2,732,0
5000000,14,525,1
2300000,6,343,1
3000000,16,331,1
7900000,18,845,0
2000000,16,696,0
2700000,14,772,0
6400000,18,628,0
8200000,2,764,0
2800000,14,553,0
8900000,2,653,0
5100000,4,506,0
2800000,20,431,1
6100000,18,697,0
8400000,6,588,0
1600000,6,846,0
4100000,14,379,1
4986457.04,10,745,0
5082996.668,20,523,1
8300000,4,624,0
4600000,16,407,1
5600000,12,756,0
4100000,16,351,1
3700000,18,373,1
800000,2,461,0
8100000,12,672,0
2700000,10,434,1
7000000,12,541,1
8100000,2,413,0
3200000,4,592,0
4998235.351,10,665,0
7800000,4,672.612563,0
5800000,14,673,0
2600000,8,382,1
5400000,12,661,0
600000,4,576,0
600000,14,443,1
5087722.905,16,437.3170303,1
1900000,12,656,0
5018305.159,4,656.0687449,0
7800000,20,735.7480544,0
4900000,2,802,0
8300000,2,650,0
3900000,10,665,0
9000000,12,339,1
5025018.665,20,447,1
1000000,18,613,0
2800000,16,424,1
8300000,6,667,0
6900000,18,715,0
3800000,18,654,0
8000000,20,549,1
5041730.944,4,373,0
2900000,16,332,1
7900000,20,534,1
4600000,8,396,1
1000000,18,714.5084054,0
9000000,14,602,0
9400000,10,615,0
7400000,20,482,1
6600000,16,397,1
1300000,10,464,1
1100000,14,832,0
9200000,12,802,0
7000000,18,628,0
5100000,10,694,0
3200000,20,741,0
3700000,14,748,0
3600000,4,671.8653323,0
5600000,10,774,0
4968514.011,2,500,0
1500000,18,706,0
7400000,10,601,0
6000000,16,806,0
3000000,6,644,0
6000000,14,723,0
600000,12,509,1
1800000,4,673.6282804,0
5500000,2,567,0
1000000,6,715,0
1700000,10,854,0
3400000,8,523,1
5058001.565,8,534,1
2600000,18,470,1
1600000,18,619,0
4300000,20,572,0
1400000,16,365,1
8000000,16,791,0
5000000,12,424,1
4500000,12,726,0
3400000,2,736,0
5700000,14,488,1
2600000,10,400,1
4500000,20,467.010039,1
5100000,2,504,0
5100000,20,457.60304,1
1700000,14,587,0
5200000,20,481.7351134,1
8400000,2,463,0
9000000,16,842,0
3400000,20,616,0
5400000,8,800,0
700000,12,813,0
7600000,12,564,0
5000000,12,837,0
2500000,16,735,0
2000000,16,724,0
9000000,12,658,0
8300000,16,858,0
3100000,8,614,0
8500000,16,714,0
1200000,20,605,0
2800000,8,691.7190776,0
2800000,6,359,1
6500000,6,441,1
8700000,18,790,0
5400000,4,821,0
8600000,16,375,1
4700000,10,545,1
1100000,4,674.468633,0
6400000,8,486,1
4300000,4,696,0
2900000,4,683,0
5018069.68,8,594,0
900000,20,529,1
8100000,4,429,0
8800000,4,400,1
8800000,4,848,0
6400000,6,489,1
2900000,10,446.3299427,1
1600000,8,663,0
1600000,18,729,0
3100000,4,398,0
5600000,14,856,0
8100000,20,347,1
9100000,12,696,0
5500000,8,353,1
5015279.078,20,756,0
2300000,16,490,1
5600000,10,531,1
4500000,4,679,0
5017548.639,8,715.9784837,0
4200000,20,817,0
9100000,18,792,0
3200000,18,664,0
6200000,16,698.0634264,0
2500000,10,768,0
9100000,12,787,0
5072862.235,12,538,1
6900000,8,347,1
1800000,16,454.5207419,1
4000000,2,713,0
3900000,10,683,0
8000000,18,765,0
900000,10,803,0
8200000,6,405,1
2300000,4,529,1
6900000,6,801,0
8800000,12,707,0
2600000,8,349,1
3700000,20,726.2651725,0
6200000,4,489,0
1000000,6,341,1
6000000,12,637,0
9100000,4,672.2654567,0
1700000,16,537,1
1700000,12,503,1
7100000,12,720,0
9400000,10,509,1
6200000,6,360,1
8300000,16,818,0
8900000,8,716,0
6500000,12,360,1
8100000,10,681.0243174,0
4900000,8,439.076009,1
9100000,2,812,0
9000000,16,456,1
1300000,16,566,0
6700000,20,598,0
3200000,6,656,0
7500000,2,654.1968303,0
4900000,14,653,0
700000,16,641,0
6400000,8,544,1
3900000,20,811,0
5092696.564,10,460,1
3600000,12,795,0
3400000,4,745,0
4977513.664,16,606,0
5100000,6,451,1
5900000,8,479,1
1200000,14,495,1
4993509.114,14,769,0
4700000,4,639,0
4200000,18,723,0
9300000,16,623,0
5300000,6,487,1
7600000,2,743,0
6200000,12,754,0
8900000,10,552,0
7900000,10,560,0
3500000,14,632,0
5300000,18,339,1
1400000,4,681.6325869,0
9100000,20,535,1
4400000,4,563,0
2800000,14,615,0
1300000,8,795,0
8400000,14,693.1359363,0
5300000,6,633,0
6000000,4,533,1
2100000,12,795,0
4300000,4,374,1
7300000,12,848,0
5200000,12,696.0431648,0
4700000,14,444,1
7800000,4,803,0
5031274.528,18,618,0
6000000,14,845,0
4800000,12,833,0
8900000,12,767,0
1800000,16,747,0
3000000,4,588,0
7700000,20,582,0
8300000,14,348,1
4200000,4,726,0
8000000,6,482,1
9400000,16,565,0
800000,16,710.603306,0
5010496.564,4,825,0
6100000,8,694,0
8500000,20,448,1
7600000,12,452,1
8700000,12,718.225324,0
9400000,10,803,0
4975187.826,8,828,0
2700000,6,832,0
2300000,6,861,0
7500000,2,535,1
7100000,16,363,1
8800000,8,631,0
8400000,6,513,1
4700000,16,447.2760509,1
6900000,2,809,0
2400000,10,531,1
1600000,14,544,1
3500000,14,366,1
3700000,14,797,0
3200000,16,597,0
7000000,12,632,0
9300000,12,741,0
5017210.07,20,331,1
6900000,8,426,1
9000000,8,533,1
6900000,16,394,1
7500000,14,694.9300772,0
9200000,8,527,1
4600000,8,468,1
5000000,18,611,0
4500000,6,832,0
7900000,18,508,1
5100000,20,840,0
3700000,14,794,0
5300000,12,694.0411772,0
5008748.044,16,765,0
9000000,16,518,1
6900000,4,694,0
700000,8,663,0
2500000,2,662,0
4600000,14,642,0
1000000,10,701,0
9200000,6,632,0
2200000,2,861,0
5040217.903,12,784,0
5500000,4,332,0
1300000,2,763,0
7900000,2,593,0
4300000,6,512,1
3800000,6,655,0
8700000,8,369,1
1300000,14,348,1
6800000,10,736,0
9100000,20,353,1
3000000,16,478,1
1200000,4,827,0
5000000,12,517,1
5046891.718,18,648,0
7000000,10,689,0
4100000,20,550,0
5300000,20,826,0
7300000,14,599,0
6500000,16,815,0
600000,4,761,0
5200000,20,432,1
2800000,18,442,1
7800000,6,620,0
3000000,4,476,1
9300000,6,837,0
5100000,6,510,1
4300000,18,849,0
1100000,8,737,0
6500000,10,809,0
6400000,8,520,1
7400000,16,834,0
8700000,8,397,1
9200000,14,438,1
6200000,18,820,0
1200000,20,468.3836905,1
7000000,14,837,0
3800000,2,571,0
4900000,14,479,1
7800000,6,533,1
7400000,8,695.558797,0
7000000,16,460,1
4900000,2,636,0
5800000,20,434,1
2000000,18,516,1
8300000,2,382,1
1000000,12,616,0
5500000,6,745,0
1400000,6,697,0
3700000,6,364,1
2100000,2,566,0
6200000,12,462,1
9300000,2,331,0
5100000,12,839,0
7000000,4,702,0
5300000,2,580,0
900000,10,560,0
9400000,14,845,0
2600000,4,392,0
1500000,16,387,1
1800000,12,749,0
7800000,14,727,0
2100000,14,656,0
8300000,20,643,0
4400000,4,664.5687939,0
2300000,16,588,0
7700000,20,716.9659351,0
9300000,10,351,1
5900000,12,702.7195783,0
1900000,4,442,1
6900000,20,686,0
2100000,20,432,1
8200000,14,766,0
7700000,6,561,0
7700000,2,539,1
700000,6,759,0
7100000,8,750,0
3900000,10,373,1
5200000,10,407,1
5500000,14,611,0
2600000,10,783,0
7300000,18,651,0
8700000,16,760,1
9000000,16,793,0
5051108.857,16,685,0
3300000,8,806,0
6300000,12,770,0
7000000,14,663,0
2100000,4,592,0
7600000,18,580,0
8200000,4,609,0
9200000,8,380,1
3800000,20,364,1
3200000,12,866,0
5050335.751,10,342,1
4700000,16,708.8153276,0
3800000,18,859,0
5050352.337,20,692,0
3200000,16,675,0
3900000,8,681.5796332,0
3500000,10,477,1
2200000,6,596,0
6400000,20,400,1
9100000,2,711,0
3300000,2,418,1
7800000,8,517,1
6200000,6,508,1
7000000,18,689,0
9200000,12,455,1
7500000,6,617,0
5300000,10,500,1
6800000,14,382,1
7900000,18,538,1
6200000,8,855,0
1000000,18,614,0
7800000,10,513,1
3000000,14,402,1
5700000,20,819,0
6600000,12,622,0
7100000,4,790,0
1300000,14,808,0
5200000,18,369,1
5600000,4,330,0
7100000,14,857,0
5100000,8,457,1
7600000,8,843,0
2500000,6,463,1
6900000,16,582,0
3100000,2,391,1
5023087.673,20,612,0
5800000,2,859,0
7600000,18,779,0
700000,2,561,0
2300000,18,420,1
1600000,8,609,0
8100000,14,821,0
7700000,14,603,0
1500000,10,778,0
7400000,2,460,0
8900000,18,363,1
2400000,16,482,1
5600000,4,772,0
5900000,6,745,0
1600000,2,513,1
1100000,2,362,0
6600000,6,740,0
8900000,10,774,0
6400000,20,555,0
8200000,12,588,0
5028061.332,14,619,0
5019496.217,18,607,0
7100000,4,435,1
1400000,14,835,0
7200000,14,767,0
8400000,14,643,0
4300000,2,669.8159634,0
8800000,8,343,1
4000000,8,800,0
6900000,18,494,1
5091940.044,14,336,1
6900000,16,785,0
3600000,16,732,0
1900000,12,587,0
5029366.642,18,471,1
1200000,8,497,1
4985322.259,16,784,0
6600000,18,471,1
1500000,4,763,0
3500000,2,655,0
4000000,4,667,0
4100000,8,367,1
5800000,16,436,1
8600000,12,785,0
4500000,10,388,1
5065810.16,8,385,1
3200000,10,670,0
8900000,20,481.8181482,1
2100000,12,651,0
7100000,16,727,0
7800000,14,646,0
8600000,12,700.4502392,0
5100000,10,477,1
600000,20,811,0
6600000,18,377,1
4700000,18,802,0
7700000,14,706.6700539,0
6400000,6,437,1
1100000,20,615,0
8900000,20,603,0
2100000,20,765,0
2300000,8,469,1
8300000,16,848,0
900000,20,470.1921967,1
9200000,4,716,0
5045948.083,2,715,0
4978270.184,12,683,0
3200000,6,737,0
7800000,6,728,0
8300000,18,350,1
2100000,14,802,0
5007178.726,4,483,0
7700000,18,684,0
5600000,20,692,0
8400000,4,783,0
1300000,18,412,1
8700000,10,447,1
2700000,14,610,0
800000,8,687.1623066,0
3800000,16,606,0
700000,2,869,0
5042109.204,2,496,0
3200000,6,483,1
7500000,8,741,0
3700000,4,820,0
3300000,18,697,0
5015279.078,20,713,0
7100000,6,754,0
1500000,14,837,0
3000000,2,691,0
1900000,12,436,1
9100000,8,426.4380179,1
2200000,2,333,0
8400000,14,455,1
5017170.378,10,787,0
5600000,16,748,0
8200000,4,643,0
1600000,8,867,0
1800000,20,860,0
6500000,2,507,0
3100000,4,666.9627942,0
3100000,12,820,0
5300000,4,352,1
1100000,14,703.845858,0
6000000,12,731,0
6100000,18,645,0
4100000,10,437.6921234,1
7000000,12,680.5251388,0
8900000,6,372,1
4800000,6,441,1
7400000,4,348,1
5059949.143,18,343,1
5087722.905,16,346,1
4500000,14,509,1
8800000,10,560,0
3000000,6,682.3264622,0
1300000,20,540,1
5000000,14,865,0
1000000,12,446.260557,1
3300000,20,559,0
6500000,18,457,1
4100000,8,780,0
9200000,10,607,0
